Movie,Year,Rate_All Ages,Rate_<18,Rate_18-29,Rate_30-44,Rate_45+,Number_All Ages,Number_<18,Number_18-29,Number_30-44,Number_45+
A Quiet Place,2018,7.5,7.6,7.6,7.4,7.4,489831,498,89041,154844,40616
Godzilla,1954,7.6,7.9,7.8,7.5,7.3,32428,32,4824,12546,6129
The Fly,1986,7.6,8,7.7,7.6,7.5,171639,58,17814,79829,30968
Psycho,1960,8.5,8.8,8.6,8.5,8.5,639113,371,101170,244362,90742
Deep Red,1975,7.6,7.4,7.7,7.6,7.4,36189,20,3991,16252,7145
28 Days Later...,2002,7.6,7.6,7.5,7.6,7.4,396869,103,51376,199218,47475
The Others,2001,7.6,7.9,7.7,7.6,7.6,354012,94,44909,171318,48082
Train to Busan,2016,7.6,8,7.7,7.5,7.5,197324,197,37542,67501,16014
American Psycho,2000,7.6,8,7.7,7.6,7.2,537885,307,99056,234732,43759
The Lighthouse,2019,7.5,8.2,7.8,7.2,6.7,179586,244,35824,53200,15148
Saw,2004,7.6,7.9,7.6,7.7,7.3,402147,221,64247,199706,34838
Stree,2018,7.6,7.5,7.6,7.4,6.6,32065,48,7207,7722,598
Zombieland,2009,7.6,7.5,7.6,7.6,7.4,548553,265,106664,246177,48074
The Skin I Live In,2011,7.6,7.9,7.8,7.6,7.3,146999,30,23259,75818,17006
The Invisible Man,1933,7.7,7.9,7.7,7.6,7.6,33598,27,3854,12063,8932
The Conjuring,2013,7.5,7.7,7.6,7.5,7.3,480934,357,103940,179286,36152
Last Night in Soho,2021,7.2,7.9,7.3,7,7.1,60925,96,11648,17489,5117
The Wolf Man,1941,7.3,7.1,7.3,7.2,7.4,26001,21,2691,9789,6897
10 Cloverfield Lane,2016,7.2,7.2,7.4,7.2,7.1,309277,104,54653,122291,30528
Poltergeist,1982,7.3,7.5,7.1,7.3,7.6,155306,99,16769,64364,31293
Angel Heart,1987,7.3,7,7.2,7.2,7.4,85256,11,5801,36571,22997
The Lost Boys,1987,7.3,8.1,7.2,7.2,7.3,134509,36,10626,58701,28941
They Live,1988,7.3,7.7,7.3,7.3,7.2,122503,40,13222,54574,22697
The Return of the Living Dead,1985,7.3,7.9,7.4,7.3,7.3,58774,9,4672,27260,12552
Sleepy Hollow,1999,7.3,7.3,7.3,7.3,7.3,347470,80,40977,171311,45969
Sweeney Todd: The Demon Barber of Fleet Street,2007,7.3,7.5,7.6,7.3,6.9,356986,90,61838,182469,32409
Twin Peaks: Fire Walk with Me,1992,7.3,7.2,7.5,7.3,7,93548,36,11588,40628,16221
Dawn of the Dead,2004,7.3,7.1,7.2,7.3,7.3,248426,50,31027,129404,29843
Dead Ringers,1988,7.3,7.6,7.4,7.3,7.1,44871,12,4189,18832,10848
Scream,1996,7.3,8,7.4,7.2,7.1,313424,245,40301,143681,36340
World War Z,2013,7,7,7.1,6.9,6.9,633302,233,117698,261233,62488
Trollhunter,2010,7,7.1,7,7,6.9,72169,15,8844,39086,11280
A Girl Walks Home Alone at Night,2014,7,5.9,7.2,6.9,6.8,34072,12,5885,15246,4859
The Cabin in the Woods,2011,7,7.1,7,7,7,398556,150,73707,182068,39201
Planet Terror,2007,7,6.6,7,7.1,6.9,206210,25,20554,119045,25285
Green Room,2015,7,7.2,7.2,6.9,6.8,116154,40,20874,47942,11854
Raw,2016,7,7.6,7.3,6.9,6.5,70230,50,15186,25368,6074
Orphan,2009,7,7.2,7,6.9,6.9,206341,108,41401,93250,18203
The Killing of a Sacred Deer,2017,7,7.5,7.4,6.9,6.5,139706,71,27365,50161,13642
Thelma,2017,7,6.3,7.2,7,6.8,29798,13,5170,11985,4234
Scanners,1981,6.8,6.9,6.8,6.8,6.8,52721,11,4231,23380,12313
The Fog,1980,6.8,6.9,6.7,6.7,6.9,70616,26,5619,29841,17314
Phenomena,1985,6.8,7,6.9,6.8,6.6,25400,9,2232,11760,5485
Dead Calm,1989,6.8,7.1,6.6,6.7,6.9,39199,5,1593,15113,12763
eXistenZ,1999,6.8,6.3,6.9,6.8,6.7,97813,10,6098,49653,19407
High Tension,2003,6.8,6.5,6.6,6.8,6.8,70560,15,6149,39014,10749
From Hell,2001,6.8,5.9,6.8,6.8,6.8,151713,20,12405,81630,23529
The Devil's Rejects,2005,6.8,6.9,6.8,6.8,6.6,97397,10,8185,53392,14548
Dog Soldiers,2002,6.8,9.7,6.8,6.7,6.9,58325,3,3987,29655,11631
Ginger Snaps,2000,6.8,7.4,7,6.7,6.7,45516,9,4371,22216,8291
1408,2007,6.8,7.3,6.9,6.8,6.6,264327,47,37950,140749,29175
Trick 'r Treat,2007,6.8,7.3,6.8,6.7,6.7,88956,46,13143,45942,10522
The Loved Ones,2009,6.6,6.8,6.7,6.6,6.6,39756,9,6114,20462,5211
Halloween,2018,6.6,6.9,6.7,6.5,6.4,141412,190,24126,47848,13931
You're Next,2011,6.6,6.9,6.6,6.5,6.5,95147,41,17419,42021,10667
The Final Girls,2015,6.6,7,6.6,6.5,6.5,44043,39,6810,19575,5379
Overlord,2018,6.6,7.2,6.7,6.5,6.5,94181,42,13687,36214,12614
Insidious: Chapter 2,2013,6.6,6.8,6.7,6.5,6.3,164545,103,37756,63471,12202
Bird Box,2018,6.6,6.4,6.6,6.6,6.6,310846,338,57177,103769,27345
Hellbound: Hellraiser II,1988,6.5,6.8,6.4,6.5,6.5,46496,26,3864,21564,8972
Hush,2016,6.6,6.5,6.7,6.5,6.5,120970,132,25638,39847,8366
The Girl with All the Gifts,2016,6.6,5.8,6.7,6.6,6.8,58125,13,6727,25670,9996
The Exorcist III,1990,6.5,7.4,6.6,6.4,6.5,30426,10,2117,12841,8088
Alien 3,1992,6.5,5.7,6.2,6.5,6.5,290208,94,26317,136713,49816
New Nightmare,1994,6.5,6.5,6.6,6.5,6.3,55982,69,5966,27374,7771
The Faculty,1998,6.5,7.7,6.7,6.5,6.3,118434,25,7772,66604,16864
Silent Hill,2006,6.5,6.7,6.5,6.6,6.3,223019,39,30814,119258,22195
Dead End,2003,6.5,7.2,6.6,6.6,6.5,27993,4,2433,14872,4831
Lights Out,2016,6.3,6.1,6.4,6.3,6.3,123658,118,25224,43357,9909
The Blair Witch Project,1999,6.5,6.8,6.6,6.5,6.1,247634,139,29380,114751,36873
The Bar,2017,6.3,5.7,6.3,6.3,6.4,25340,13,3512,10394,3273
Hotel Transylvania 3: Summer Vacation,2018,6.3,6,6.4,6.2,6.2,65812,167,12128,21548,5448
The Ritual,2017,6.3,6.2,6.3,6.3,6.3,89745,44,15305,33574,8775
Haunt,2019,6.3,5.7,6.3,6.2,6.2,26030,23,3854,9896,2843
Apostle,2018,6.3,7,6.4,6.2,6.1,49286,27,8140,18933,5750
The Blob,1958,6.4,7.3,6.4,6.3,6.4,25374,6,2051,9079,7796
The Conjuring: The Devil Made Me Do It,2021,6.3,6.7,6.3,6.2,6.3,96799,227,16041,27269,7210
Friday the 13th,1980,6.4,6.2,6.2,6.5,6.5,132546,142,17127,56130,20585
Silver Bullet,1985,6.4,7,6.4,6.4,6.4,26324,2,1292,11098,7343
Arachnophobia,1990,6.4,6.9,6.4,6.4,6.4,67831,11,3399,32604,14601
Gremlins 2: The New Batch,1990,6.4,6.4,6.4,6.5,6.1,99674,36,7305,49917,16053
The Shallows,2016,6.3,6.5,6.4,6.2,6.4,127820,51,20945,50357,14863
Resident Evil: Extinction,2007,6.2,5.7,6.4,6.2,6.3,190296,32,26683,102924,20736
Vacancy,2007,6.2,6.5,6.3,6.2,6.2,98313,21,11372,53901,13522
Rogue,2007,6.2,6.3,6.1,6.2,6.3,29510,3,3016,15315,5548
Dead Silence,2007,6.2,6.1,6.4,6.1,5.9,91531,44,17995,43654,8279
The Strangers,2008,6.2,5.4,6.2,6.1,6,126370,71,19148,64867,14150
Saw III,2006,6.2,6.6,6.4,6.1,6,187676,110,31231,98070,14584
Frontier(s),2007,6.2,6.3,6.2,6.2,6.2,26291,3,2526,14566,4180
Case 39,2009,6.2,5.9,6.3,6.1,6.2,83322,18,13001,41612,11427
The Thing,2011,6.2,5.3,6.1,6.2,6.4,128345,30,15611,65764,21551
Red State,2011,6.2,4.5,6.2,6.2,6.1,63741,4,6047,36864,11131
Dark Shadows,2012,6.2,6.4,6.2,6.1,6.3,257771,71,51084,117366,28781
Scream 4,2011,6.2,6.5,6.4,6.1,5.9,136054,95,24379,70876,12349
Devil,2010,6.2,5.8,6.2,6.2,6.4,141193,35,21879,73737,17379
Mama,2013,6.2,6.3,6.2,6.2,6.3,175976,44,34982,76782,18063
Open Grave,2013,6.2,6.2,6.4,6.2,6.2,29429,4,3748,15327,4610
The Neon Demon,2016,6.2,6.7,6.6,6.1,5.6,90892,40,17977,35916,9096
Saw VI,2009,6,6.6,6.2,6,5.8,108300,78,22506,52091,8062
V/H/S/2,2013,6,7,6.2,6,5.8,38546,20,6889,18191,4304
The Taking of Deborah Logan,2014,6,4.3,6.1,6,6,29794,12,4989,12824,3641
Circle,2015,6,5.5,6.1,6,6,51796,65,10792,19132,4049
The Purge: Election Year,2016,6,6.4,6.1,5.9,5.9,97145,67,19388,35527,8253
Unfriended: Dark Web,2018,6,5.6,6,6,5.7,30869,63,6311,10106,2522
The Boy,2016,6,5.8,6,6,6.1,86880,66,16773,31724,8506
Friday the 13th Part 2,1981,6.1,6.5,6.1,6.1,6,65112,79,7755,27765,10523
Captive State,2019,6,4.3,5.9,6,6,53120,8,8858,22619,6670
Resident Evil: Afterlife,2010,5.8,5.3,5.9,5.8,5.9,167558,34,26537,90482,18002
Saw V,2008,5.8,6.1,6,5.7,5.6,121335,75,23294,61125,8934
The Divide,2011,5.8,6.5,6,5.8,5.6,36433,2,3476,20780,6760
The Addams Family,2019,5.8,5.4,5.9,5.8,5.9,35828,53,5402,12516,4144
Pride and Prejudice and Zombies,2016,5.8,6.6,5.8,5.7,6,54616,11,8593,21470,7722
Rubber,2010,5.8,5,5.8,5.8,5.7,36096,6,6201,18200,4650
Final Destination 5,2011,5.8,6.2,5.9,5.8,6,112315,53,24283,53760,10651
Paranormal Activity 3,2011,5.8,5.8,5.7,5.8,5.7,93253,30,20120,46513,8817
V/H/S,2012,5.8,6.7,5.9,5.8,5.6,60346,17,10245,29241,7077
The Purge,2013,5.8,5.7,5.8,5.7,5.8,215370,127,44569,86914,19818
Underworld: Blood Wars,2016,5.8,5.6,6,5.7,5.9,73728,14,9813,32076,9430
Jigsaw,2017,5.8,5.8,5.8,5.7,5.8,75692,93,15746,27190,5698
Morgan,2016,5.8,5.9,5.7,5.7,6,41823,6,4549,17535,7996
Eli,2019,5.8,4.6,5.6,5.8,5.9,33103,33,5055,12023,3781
The Meg,2018,5.6,5.7,5.7,5.5,5.7,162600,169,24799,57986,20085
Curse of Chucky,2013,5.6,6.1,5.6,5.6,5.6,37816,37,6689,17243,3598
High Life,2018,5.8,6.5,6.4,5.7,5.3,32843,19,5314,12200,4852
Ma,2019,5.6,4.7,5.5,5.6,5.8,50497,47,7904,17531,6085
Friday the 13th Part III,1982,5.7,5.7,5.7,5.7,5.6,51592,42,5949,22294,8466
A Nightmare on Elm Street 4: The Dream Master,1988,5.7,5.3,5.6,5.7,5.5,53918,31,5789,25357,8335
Poltergeist II: The Other Side,1986,5.7,5.1,5.6,5.7,5.6,26576,6,1464,11273,7300
I Know What You Did Last Summer,1997,5.7,6.5,5.8,5.7,5.7,141273,44,15504,73144,17072
Lake Placid,1999,5.7,6.3,5.7,5.6,5.9,59059,3,3771,27608,13084
Buffy the Vampire Slayer,1992,5.7,7,5.6,5.6,5.7,43552,2,2113,21157,9464
Club Dread,2004,5.7,7,5.9,5.7,5.4,29358,1,1740,16790,4454
Teeth,2007,5.4,4.9,5,5.4,5.7,43100,11,5548,23822,5996
Freddy vs. Jason,2003,5.7,6.1,5.8,5.7,5.6,116158,43,14492,60039,12576
Countdown,2019,5.4,4.7,5.3,5.3,5.6,32212,49,5740,10654,3295
My Bloody Valentine,2009,5.4,4.7,5.5,5.4,5.5,55753,10,8282,30568,6893
The Mummy,2017,5.4,4.8,5.4,5.4,5.5,181091,90,26854,71101,22856
Resident Evil: Retribution,2012,5.4,5.2,5.6,5.2,5.4,138328,30,23613,69533,14983
Annabelle,2014,5.4,5.4,5.4,5.4,5.5,152184,153,35238,52934,11052
In the Tall Grass,2019,5.4,5.6,5.5,5.4,5.5,52554,65,8100,18970,5780
Gretel & Hansel,2020,5.4,5.3,5.5,5.4,5.3,28661,41,3935,10524,3783
A Nightmare on Elm Street 2: Freddy's Revenge,1985,5.5,5.6,5.5,5.5,5.3,66775,45,7784,30386,10067
Maximum Overdrive,1986,5.5,4.7,5.2,5.6,5.3,31788,4,1498,13993,8845
Hellraiser III: Hell on Earth,1992,5.5,6.2,5.5,5.5,5.5,29657,7,2275,14194,5830
Bride of Chucky,1998,5.5,6.5,5.6,5.4,5.4,56532,38,7244,28008,6730
Ghost Ship,2002,5.5,6.3,5.6,5.5,5.7,98409,13,10793,51125,14556
The Grudge 2,2006,5.1,5.2,5.3,5,5,48741,12,7598,25376,5619
An American Haunting,2005,5.1,5,5,5,5.2,25446,1,1607,13373,6271
Stay Alive,2006,5.1,5.8,5.5,5,4.9,31791,8,4689,17373,3620
The Hills Have Eyes 2,2007,5.1,5.4,5.2,5.1,5.2,62995,7,9104,33390,6970
See No Evil,2006,5.1,6,5.2,5,5,26859,2,3215,14886,3523
Spawn,1997,5.2,4.9,5.2,5.3,5.2,66790,10,4386,37447,10036
The Cave,2005,5.2,6,5.2,5.1,5.3,37777,4,3351,19301,7335
Shutter,2008,5.2,5,5.4,5.2,5.3,33636,4,4624,18187,4732
Rings,2017,4.5,3.4,4.4,4.5,4.7,39717,19,7702,15249,3896
Ouija,2014,4.5,3.7,4.5,4.4,4.7,51227,29,10397,19935,5568
Scooby-Doo 2: Monsters Unleashed,2004,5.2,5.6,5.3,4.8,5.1,54304,59,14510,17176,5262
When a Stranger Calls,2006,5.1,5.4,5.4,5,5,45197,12,7137,22624,5445
Doom,2005,5.2,4.3,5.3,5.2,5.2,111629,17,10279,62840,15388
Friday the 13th Part VIII: Jason Takes Manhattan,1989,4.6,4,4.4,4.7,4.3,36701,25,3882,16705,5691
The Island of Dr. Moreau,1996,4.6,2,4.5,4.6,4.4,32859,1,968,15454,8533
Psycho,1998,4.6,3.3,4.2,4.6,4.7,47501,10,3499,23609,9046
Black Christmas,2006,4.6,5.5,4.8,4.5,4.6,26616,12,3127,13790,3941
Paranormal Activity 4,2012,4.6,5.4,4.6,4.6,4.6,64949,27,14829,28561,5951
Aliens vs. Predator: Requiem,2007,4.6,3.3,4.4,4.7,4.9,120836,31,12443,64651,17708
Paranormal Activity: The Ghost Dimension,2015,4.6,4.4,4.4,4.7,4.7,26969,22,5258,10616,2743
Alone in the Dark,2005,2.4,1.5,2.1,2.3,2.7,45214,6,3630,26200,7027
Laxmii,2020,2.4,3.9,2.4,2.2,2,55975,73,4746,5577,517
House of the Dead,2003,2.1,2.7,1.9,1.9,2.4,36926,5,2592,21331,5493
Troll 2,1990,3,1.8,3,3,2.5,32212,12,4250,16765,3922
Manos: The Hands of Fate,1966,1.8,1.4,2.2,1.8,1.6,35874,13,3234,17296,5906
Jaws: The Revenge,1987,3,2.1,2.7,3.1,2.9,44730,28,3657,18822,10107
Slender Man,2018,3.2,2.6,3,3.3,3.6,32219,64,6370,9732,2945
Vampires Suck,2010,3.4,2.5,3.6,3.3,3.5,48259,11,13042,22630,3841
I Know Who Killed Me,2007,3.6,2,3.6,3.6,3.7,29235,4,3826,17160,3794
The Open House,2018,3.2,1.9,3,3.3,3.4,33288,25,5344,11578,3821
Jaws 3-D,1983,3.7,2.6,3.4,3.7,3.7,42654,27,3780,16705,10040
BloodRayne,2005,2.9,2.5,2.9,2.8,3.3,35139,2,1978,20516,6278
The Fog,2005,3.7,5.2,3.6,3.6,3.9,36423,5,2895,19035,7168
Piranha 3DD,2012,3.7,2.4,3.5,3.8,3.9,41652,10,7983,20357,5143
The Wicker Man,2006,3.7,2.4,3.6,3.7,3.9,66587,11,6650,35120,11753
Human Centipede 2: Tom Six Discusses the Story Concept,2011,3.8,2.3,3.4,3.9,4.1,37729,18,7602,17268,4470
Prom Night,2008,3.9,3,4.3,3.8,3.8,35424,12,5953,18442,4120
One Missed Call,2008,4,2.5,4.2,3.9,4.2,31909,4,5160,17186,3976
Halloween: Resurrection,2002,4,3.5,3.9,4,4.2,41894,17,4455,19857,5645
Shark Night,2011,4,3.4,4.1,3.9,4.1,25675,7,4178,13137,4015
Book of Shadows: Blair Witch 2,2000,4,4.8,3.6,4,4.2,37363,6,2430,19700,5870
Plan 9 from Outer Space,1957,4,2.8,3.9,3.9,4,37830,9,3094,16316,8659
Jason Goes to Hell: The Final Friday,1993,4.2,3.7,3.8,4.3,4.4,31239,22,3286,14548,4590
Boogeyman,2005,4.2,7,4.2,4.1,4.5,30807,1,3079,16507,4821
Species II,1998,4.4,8,4.6,4.4,4.4,28789,1,1262,14047,6754
Jason X,2001,4.4,4,4.2,4.3,4.8,54534,24,5472,27036,7850
Cell,2016,4.4,4.1,4.1,4.3,4.6,27222,8,2352,11135,5986
The Human Centipede (First Sequence),2009,4.4,4,4,4.5,4.7,76753,33,14885,37117,8548
I Still Know What You Did Last Summer,1998,4.7,5.9,5,4.6,4.7,72081,17,6494,39043,9007
The Devil Inside,2012,4.2,2.5,4,4.2,4.4,35697,4,6664,18172,4659
Death Note,2017,4.4,3.1,4.1,4.7,5.3,81859,103,18428,26545,4990
Anacondas: The Hunt for the Blood Orchid,2004,4.7,5.2,5,4.5,4.6,30856,7,4591,14783,4253
Friday the 13th: A New Beginning,1985,4.8,4.8,4.8,4.8,4.7,37120,30,4105,16372,5974
Leprechaun,1993,4.8,5.4,4.8,4.8,4.4,25993,10,2452,13146,3971
Halloween: The Curse of Michael Myers,1995,4.8,4.1,4.6,4.8,4.8,35140,23,4069,15900,4819
Seed of Chucky,2004,4.8,5.1,4.8,4.8,5,43567,39,6668,21089,5016
Halloween II,2009,4.8,5,4.8,4.9,4.7,52585,17,6789,26139,7042
The Unborn,2009,4.8,4.2,4.9,4.7,4.8,50791,5,8121,27666,6236
Pulse,2006,4.8,1,4.9,4.7,4.8,28961,1,2656,16571,4790
Anaconda,1997,4.8,5.4,5,4.7,4.7,101510,18,10631,52146,13658
Texas Chainsaw,2013,4.8,4.5,4.7,4.7,5,48235,21,9414,21583,5123
Freddy's Dead: The Final Nightmare,1991,4.9,4.6,4.7,4.9,4.8,44785,23,4756,21589,6597
Valentine,2001,4.9,6,5.3,4.8,4.7,27348,6,2051,13831,3902
Meet the Blacks,2016,4.8,3.8,4.1,3.8,3.7,36261,7,1448,3228,1238
The Woman in Black 2: Angel of Death,2014,4.8,5,5,4.8,4.8,27655,4,5872,10799,3478
Ghosts of Mars,2001,4.9,6,5,4.8,5,53473,5,2427,26738,12307
The Forest,2016,4.8,4.9,4.8,4.8,4.9,41762,8,7424,16858,4859
Poltergeist,2015,4.9,4,4.9,4.9,4.9,57111,22,9620,24207,7940
Fantasy Island,2020,4.9,4.2,4.8,4.9,5,44793,49,6125,15430,6426
The Darkest Hour,2011,4.9,4.3,5,4.8,5.1,60221,8,8180,31430,10735
Vanishing on 7th Street,2010,4.9,7,5.1,4.8,4.9,25863,1,2611,14791,5012
The Haunting,1999,5,7.3,4.9,5,5,74768,3,4296,36964,13899
Cursed,2005,5,7.3,5.3,4.9,5.2,32108,3,2209,16848,6258
Darkness Falls,2003,5,6,5.2,4.9,5.1,31344,1,2362,16581,5292
The Happening,2008,5,3.6,4.9,5,5.1,202707,31,22256,112113,28719
Silent Hill: Revelation,2012,5,5.5,5,5,5,62356,9,11024,32238,5953
A Serbian Film,2010,5,4.3,4.8,5.1,5.3,61590,28,13500,27745,5503
Virus,1999,5,6.5,5.2,5,4.9,27727,2,1006,13238,7012
Blair Witch,2016,5,4.3,5.1,5,4.8,44155,22,7294,18580,4622
Halloween III: Season of the Witch,1982,5,5.7,5,4.9,5.1,50238,26,5091,20827,9410
A Haunted House,2013,5,4.4,5.4,4.9,4.6,45773,25,10851,19086,3848
Paranormal Activity: The Marked Ones,2014,5,4.5,5,5,4.9,41783,25,9018,17871,4202
[REC] 3: Genesis,2012,5,5.1,4.8,5,5.3,34662,15,5877,17461,4077
Chernobyl Diaries,2012,5,6.2,5,5,5.1,65490,12,12231,31957,8134
Halloween 5: The Revenge of Michael Myers,1989,5.1,4.1,5,5.1,5,39564,24,4603,17638,5588
Dreamcatcher,2003,5.5,4.9,5.5,5.5,5.6,91206,7,5451,50447,15933
A Nightmare on Elm Street 5: The Dream Child,1989,5.1,4.6,5,5.2,5,44086,27,4900,21026,6487
Child's Play 3,1991,5.1,5.4,5.3,5.1,4.7,39415,37,5346,19252,4204
Exorcist: The Beginning,2004,5.1,4.1,5,5.1,5.3,36317,5,2185,19380,7378
The Haunted Mansion,2003,5.1,5.3,5.3,4.8,5.1,47444,20,9093,18845,7033
A Nightmare on Elm Street,2010,5.2,4.7,5.5,5.2,5,97529,28,17949,49614,10098
The Final Destination,2009,5.2,4.9,5.3,5.1,5.4,102147,46,20150,50288,9528
Sorority Row,2009,5.2,7.8,5.4,5.1,5,30200,8,5056,15781,3869
The Mummy: Tomb of the Dragon Emperor,2008,5.2,4.9,5.3,5.1,5.5,156631,27,25341,77078,18552
Apollo 18,2011,5.2,3.4,5.1,5.2,5.3,55133,7,6647,29401,10899
The Lords of Salem,2012,5.2,6,5.4,5.1,5,29450,2,3261,14615,4910
Flatliners,2017,5.2,5.4,5.4,5.2,5.2,45510,22,7589,17189,5715
Hellboy,2019,5.2,5,5.1,5.2,5.4,85440,65,11835,32970,10496
The Strangers: Prey at Night,2018,5.2,5.3,5.2,5.2,5.2,29800,23,4993,10969,3284
The Lazarus Effect,2015,5.2,4.2,5.2,5.1,5.2,42515,8,7113,19023,5851
Friday the 13th Part VII: The New Blood,1988,5.3,5.3,5.2,5.3,5.2,35771,31,3956,15918,5529
The First Purge,2018,5.2,5.2,5.3,5.1,5,61002,69,11400,21213,5906
Truth or Dare,2018,5.2,4.6,5.2,5.2,5.2,52594,89,11397,16099,4324
The Stepford Wives,2004,5.3,2.7,5.7,5.3,5.2,64610,5,4857,31694,13375
Queen of the Damned,2002,5.3,4.5,5.8,5.3,5.1,54814,4,4248,29948,8438
The Covenant,2006,5.3,4.9,5.6,5.2,5.2,48579,6,6109,26701,6659
The Witches,2020,5.3,5.4,5.2,5.3,5.6,35400,32,4356,12911,3913
Spiral,2021,5.3,5.7,5.2,5.2,5.3,41699,73,6345,14254,3810
Things Heard & Seen,2021,5.3,4.5,5.3,5.2,5.4,28003,18,3355,9786,3792
Legion,2010,5.3,5,5.4,5.1,5.4,103126,10,13367,54808,15669
The Green Inferno,2013,5.3,4.4,5.2,5.4,5.4,42464,21,6269,18260,5905
The Resident,2011,5.3,6,5.3,5.2,5.4,27513,1,2883,14957,5441
Sinister 2,2015,5.3,4.3,5.4,5.2,5.3,52361,19,11412,18609,4652
Tusk,2014,5.3,5.9,5.3,5.4,5.2,50204,17,7341,23289,6519
The New Mutants,2020,5.3,5,5.3,5.3,5.4,69615,103,10110,23452,7516
The Curse of La Llorona,2019,5.3,4.8,5.2,5.2,5.4,46607,68,8402,15511,4670
The Lawnmower Man,1992,5.4,5.5,5.1,5.5,5.4,35399,2,965,15923,10087
The Silence,2019,5.3,4.6,5.1,5.3,5.5,42593,59,5888,15388,5841
The Nun,2018,5.3,5.4,5.3,5.3,5.4,132432,197,28012,40648,9849
Eight Legged Freaks,2002,5.4,5.1,5.5,5.3,5.8,56178,14,5600,27480,10269
The Messengers,2007,5.4,7,5.5,5.3,5.5,39391,1,5216,20910,6341
The Eye,2008,5.4,6.7,5.5,5.3,5.4,52947,5,7541,29460,6660
Turistas,2006,5.4,4.5,5.5,5.4,5.4,37947,2,3227,21348,6783
White Noise,2005,5.5,5,5.4,5.5,5.6,48511,3,2912,27162,9057
Piranha 3D,2010,5.4,3.9,5.2,5.5,5.5,88750,18,13900,47441,12305
The Omen,2006,5.5,4.7,5.6,5.5,5.6,58350,12,5911,32341,9098
All the Boys Love Mandy Lane,2006,5.5,9,5.4,5.5,5.5,32400,1,3740,17943,5029
Hostel: Part II,2007,5.5,5.5,5.5,5.4,5.5,88503,18,10244,49643,10904
Friday the 13th,2009,5.5,5.1,5.5,5.5,5.4,103989,51,17357,50617,11321
Winchester,2018,5.5,5.4,5.3,5.4,5.7,32987,24,4597,12234,5462
The Innkeepers,2011,5.5,5,5.4,5.5,5.4,34079,2,3522,18916,6093
Red Riding Hood,2011,5.5,4.6,5.8,5.3,5.4,110580,11,22770,53014,13120
The Last Days on Mars,2013,5.5,6.5,5.6,5.5,5.5,36604,2,2698,18801,8458
Vampire Academy,2014,5.5,7.4,5.8,5.3,5.2,53629,10,14586,19302,4375
Resident Evil: The Final Chapter,2016,5.5,5.5,5.6,5.4,5.7,89789,30,14162,37886,9392
The Cloverfield Paradox,2018,5.5,5.3,5.5,5.6,5.6,101223,33,14722,41753,12705
The Dead Don't Die,2019,5.5,5.4,5.5,5.4,5.5,72364,45,9156,27948,10758
Unfriended,2014,5.5,5,5.6,5.6,5.4,73232,56,17940,26483,6147
Peninsula,2020,5.5,5.3,5.5,5.4,5.6,29335,53,4486,10146,3295
Children of the Corn,1984,5.6,6.3,5.6,5.6,5.6,50780,9,5298,22929,9786
The Texas Chainsaw Massacre 2,1986,5.6,5.9,5.6,5.5,5.6,30751,16,3352,13453,5488
Village of the Damned,1995,5.6,6,5.7,5.7,5.6,30964,2,1926,15044,7066
Scream 3,2000,5.6,5.9,5.9,5.5,5.6,131386,64,16700,65347,14352
Urban Legend,1998,5.6,5.7,5.8,5.5,5.5,64423,16,4889,34690,9071
House on Haunted Hill,1999,5.6,4.8,5.6,5.6,5.6,55817,5,3298,29722,9518
Thir13en Ghosts,2001,5.6,4.7,5.7,5.6,5.7,85079,16,8186,45111,11883
Cube²: Hypercube,2002,5.6,5.7,5.4,5.6,5.6,65975,13,6583,37358,8169
Jeepers Creepers 2,2003,5.6,4.7,5.7,5.5,5.8,62565,13,7530,31168,8941
Cabin Fever,2002,5.6,5.3,5.7,5.6,5.5,76542,10,7154,40668,11787
Alien vs. Predator,2004,5.6,5,5.7,5.5,5.8,192176,46,20920,96268,27183
Creep,2004,5.6,6,5.6,5.6,5.6,29350,1,2869,15595,5091
The Bad Batch,2016,5.3,3.6,5.5,5.3,5,29675,9,3769,12514,4395
Dark Water,2005,5.6,4.6,5.7,5.5,5.7,61532,5,5048,30777,10353
Jennifer's Body,2009,5.3,6,5.4,5.2,5.4,127992,46,24531,61520,12852
I Spit on Your Grave,1978,5.7,5.5,5.7,5.7,5.7,27665,6,2584,12942,5902
Diary of the Dead,2007,5.6,4.4,5.5,5.6,5.7,47065,8,3725,27557,7951
Halloween Kills,2021,5.6,6.1,5.6,5.6,5.5,59919,59,7763,18550,6069
Don't Be Afraid of the Dark,2010,5.6,5.8,5.6,5.5,5.6,48123,4,6504,26790,7705
The Ward,2010,5.6,5.3,5.8,5.5,5.6,41853,3,5453,22553,7098
Saw: The Final Chapter,2010,5.6,5.7,5.7,5.5,5.5,95912,66,21339,45930,6947
Maggie,2015,5.6,5.3,5.6,5.6,5.7,43650,9,4211,21334,8159
Open Water,2003,5.7,5.6,5.4,5.6,6.1,52892,10,3804,25608,11510
Priest,2011,5.7,4.6,5.9,5.7,5.9,118389,9,16503,64607,17567
House at the End of the Street,2012,5.6,4.6,5.7,5.5,5.6,75747,11,14602,34047,9295
Pet Sematary,2019,5.7,5.7,5.7,5.6,5.7,89292,78,14894,33067,9379
Hatchet,2006,5.7,5,5.7,5.7,5.6,30478,3,2976,16422,4993
The Ring Two,2005,5.4,5.8,5.6,5.4,5.3,94420,16,13800,48232,10180
The Rental,2020,5.7,6.5,5.7,5.7,5.6,25489,11,3285,10112,3568
Splice,2009,5.7,5.1,5.6,5.7,5.9,96042,15,11106,54116,14947
The Last Exorcism,2010,5.7,5.8,5.6,5.6,5.7,49363,4,7161,26718,7326
Would You Rather,2012,5.7,5.5,5.7,5.7,5.7,40198,23,8684,16366,4123
The Bay,2012,5.7,4.8,5.8,5.6,5.7,26943,8,3088,13290,5171
Paranormal Activity 2,2010,5.7,5.8,5.5,5.7,5.7,102053,34,20434,52275,9500
Cooties,2014,5.7,5.5,5.7,5.7,5.6,25240,12,3560,11873,3539
47 Meters Down,2017,5.7,4.8,5.6,5.6,5.7,52677,31,7781,19789,7015
I Spit on Your Grave 2,2013,5.7,4.6,5.7,5.6,5.6,28900,7,5068,12785,3968
Regression,2015,5.7,4.6,5.9,5.6,5.6,38880,7,5453,17009,5980
House of Wax,2005,5.4,6.7,5.6,5.3,5.3,121009,21,19490,63419,11794
Velvet Buzzsaw,2019,5.7,4.8,5.6,5.7,5.8,58425,20,10985,21839,5925
Insidious: The Last Key,2018,5.7,5.9,5.7,5.7,5.8,57427,62,11747,19389,4898
Jaws 2,1978,5.8,5.4,5.6,5.7,5.8,75927,40,6724,31521,17263
Cannibal Holocaust,1980,5.8,4.4,5.7,5.9,5.7,53733,23,7101,27226,6871
Child's Play,2019,5.7,5.5,5.8,5.7,5.7,49546,63,7548,19022,4713
Species,1995,5.8,5,5.6,5.8,6,78481,4,3802,39070,17858
Thinner,1996,5.8,5.3,5.8,5.8,5.7,29839,5,1894,14682,6165
The Relic,1997,5.8,6,5.7,5.7,5.8,26681,3,842,11859,7002
Halloween 4: The Return of Michael Myers,1988,5.8,5.6,5.8,5.9,5.6,49668,29,5736,21999,7329
Halloween H20: 20 Years Later,1998,5.8,6,6,5.7,5.8,71925,27,6335,35135,10474
Gothika,2003,5.8,6.1,6,5.8,5.8,110980,6,9809,60677,17024
End of Days,1999,5.8,5.8,5.9,5.8,5.7,108698,6,4362,56853,21119
Hollow Man,2000,5.8,5.4,5.9,5.8,5.8,128308,13,9181,67698,21973
Blade: Trinity,2004,5.8,4.6,6,5.8,6,172181,26,20083,90982,21143
The Texas Chainsaw Massacre: The Beginning,2006,5.8,4.7,5.9,5.8,5.8,70411,22,9711,37978,8088
Final Destination 3,2006,5.8,5.9,5.9,5.7,5.9,137138,54,25267,67625,12547
Cry Wolf,2005,5.8,4.7,6.1,5.8,5.6,26957,6,3017,15461,3664
The Wolfman,2010,5.8,5.4,5.8,5.8,6,105393,12,11492,60758,16531
Black Sheep,2006,5.8,5.2,5.5,5.8,6,40222,4,4177,23272,6275
The Descent: Part 2,2009,5.8,4.9,5.7,5.8,5.8,46236,12,6291,23407,6508
Army of the Dead,2021,5.7,6.2,5.8,5.7,5.7,156813,177,21033,52122,14864
Old,2021,5.8,5.6,5.8,5.8,5.9,73809,113,10188,24253,8006
The Babysitter: Killer Queen,2020,5.8,5.3,5.8,5.7,5.9,34765,86,5734,11179,2803
Escape Room: Tournament of Champions,2021,5.8,6.7,5.9,5.7,5.6,29990,84,4784,9952,2479
Vivarium,2019,5.8,6.3,5.9,5.9,5.7,49841,40,6940,18316,6421
"Salò, or the 120 Days of Sodom",1975,5.9,7,6,5.9,5.8,57777,33,8819,26728,8021
Child's Play 2,1990,5.9,6.4,6,5.9,5.4,49390,48,6726,23998,5388
Dracula: Dead and Loving It,1995,5.9,7.1,6.3,5.9,5.3,40786,7,3475,22179,5899
The Brothers Grimm,2005,5.9,5.3,6,5.9,5.9,119281,9,13258,62685,18914
King Kong,1976,5.9,6,5.6,5.9,6,31763,4,1823,10500,11130
The Possession,2012,5.9,5,5.9,5.8,6,59211,9,10287,28671,8028
Friend Request,2016,5.3,3.9,5.2,5.2,5.4,25631,15,5022,9303,2639
The X Files: I Want to Believe,2008,5.9,7,6,5.9,6,90499,2,5081,52684,17056
The Grudge,2004,5.9,5.1,5.9,5.8,6,142557,21,20094,72735,16919
P2,2007,5.9,6.7,6,5.8,5.9,33396,3,3687,18199,5373
The Haunting in Connecticut,2009,5.9,4.6,6.1,5.8,5.8,61252,6,10231,31260,8010
Quarantine,2008,5.9,5.5,5.9,6,6,72428,20,9738,39060,10147
Hostel,2005,5.9,5.7,5.8,5.9,5.9,175787,38,19866,97081,21136
The Ruins,2008,5.9,5.8,5.9,5.8,5.9,73755,7,7492,41249,11886
The Fourth Kind,2009,5.9,8,6,6,5.6,76504,4,10015,42534,10975
The Mortal Instruments: City of Bones,2013,5.9,5.4,6.2,5.6,5.8,130946,28,31963,49010,12069
Saw IV,2007,5.9,6.1,6,5.8,5.7,146854,76,25934,76640,10974
Abraham Lincoln: Vampire Hunter,2012,5.9,6.3,6.2,5.8,5.9,153380,13,25859,76764,20354
The Tall Man,2012,5.9,6.3,5.9,5.9,6,40341,3,4096,21433,7493
The Prodigy,2019,5.9,6.3,5.9,5.8,5.9,25494,21,3796,9649,3448
Underwater,2020,5.9,5.8,5.9,5.8,5.7,74514,45,8761,29044,10642
Carrie,2013,5.9,5.6,5.9,5.8,5.9,137558,46,30072,59768,13912
The Void,2016,5.9,5.2,6,5.9,5.6,34253,8,4486,14817,4804
The Last House on the Left,1972,6,5.1,6.1,6,5.8,36224,12,3125,17581,7444
Cam,2018,5.9,5.6,6,5.9,5.7,30049,37,6327,10769,2581
Candyman,2021,5.9,6.5,6.2,5.9,5.5,45054,37,6464,15251,4033
Victor Frankenstein,2015,6,5.7,6.1,5.9,6,55415,16,9312,23026,7155
Friday the 13th: The Final Chapter,1984,6,6.7,6,6,5.8,49882,61,5615,21478,7972
The Amityville Horror,2005,6,6.3,6.1,6,5.7,109941,27,14995,55558,12191
Friday the 13th Part VI: Jason Lives,1986,6,7.3,6.1,6,5.7,42976,65,4727,18800,6813
Annabelle Comes Home,2019,5.9,5.9,5.9,5.9,5.9,69331,138,13337,21524,5423
Hide and Seek,2005,6,6,6.4,5.9,5.8,84141,6,9924,45901,11378
Mimic,1997,6,6.3,5.9,5.9,6,48855,3,2300,23714,11504
The Rite,2011,6,6.4,6.1,6,5.9,95274,6,13492,52612,13014
The Midnight Meat Train,2008,6,5.4,5.9,6.1,6.1,63249,10,6847,35414,9252
Cujo,1983,6.1,5.8,6,6,6.1,43819,18,3682,18538,10441
Critters,1986,6.1,5.6,6.1,6.1,5.9,34582,7,1595,18043,7352
Deep Rising,1998,6.1,6.7,6.2,6,6,35971,3,1670,17617,8265
House of 1000 Corpses,2003,6.1,6.1,6.1,6,5.9,83011,22,7594,43242,11463
Halloween,2007,6.1,5.7,6,6.1,6,116640,51,14269,60098,15087
Mirrors,2008,6.1,6.6,6.3,6.1,6,105453,19,17029,56877,12053
Wrong Turn,2003,6.1,6.3,6,6,6.2,116102,41,16299,58193,13466
Vampires,1998,6.1,6.6,6.2,6.1,6.1,56820,5,2670,27890,12701
Solomon Kane,2009,6.1,6.2,6.1,6,6.2,72245,4,8599,39559,11754
Splinter,2008,6.1,4,6,6,6.2,36096,9,3976,19066,6321
The Belko Experiment,2016,6.1,5.7,6.1,6.1,6.2,48701,25,8600,19291,5329
Bug,2006,6.1,4.5,6.3,6.1,6,34567,4,2033,18365,7998
Hansel & Gretel: Witch Hunters,2013,6.1,6.2,6.2,6,6.1,201723,35,36645,90463,23634
6 Souls,2010,6.1,6,6.3,6.1,6,34040,2,3595,18392,6131
Grave Encounters,2011,6.1,5.9,6.3,6.1,5.9,55998,31,11889,25660,5374
Hobo with a Shotgun,2011,6.1,4.5,6.3,6.2,5.6,45446,2,5155,26570,7064
The Collection,2012,6.1,6.4,6.3,6,6,48243,25,8344,23534,5533
Insidious: Chapter 3,2015,6.1,6.5,6.1,6,6,100608,77,22323,35999,7711
Maniac,2012,6.1,5.5,6.3,6.1,5.8,36737,2,5039,19336,5228
Don't Breathe 2,2021,6.1,6,6,6,6.1,37706,48,5845,12041,3336
Blood Red Sky,2021,6.1,5.3,6.1,6,6.2,41540,50,4501,14200,6123
The Lodge,2019,6.1,6.2,6.2,6,5.9,41048,26,5711,15785,4899
The Amityville Horror,1979,6.2,6.4,6.2,6.2,6.2,38176,10,3157,16017,9677
Brightburn,2019,6.1,5.8,5.9,6.1,6.3,91093,70,12783,34356,11404
Wolf,1994,6.2,7.4,6.4,6.3,6.1,55051,5,2425,25952,14080
House,1985,6.2,6.3,6.2,6.1,6.3,25712,3,1253,11375,7058
The Toxic Avenger,1984,6.2,6,6.6,6.3,5.8,27827,4,2146,13838,5634
Crawl,2019,6.1,5.8,6.2,6.1,6.2,79320,74,11777,28870,9364
Killer Klowns from Outer Space,1988,6.2,6.9,6.3,6.2,5.9,36076,20,3546,16726,6220
Idle Hands,1999,6.2,6.7,6.4,6.3,5.9,42308,7,2252,24911,5506
Stigmata,1999,6.2,6,6.1,6.2,6.1,67125,2,2308,35034,13647
Alien: Resurrection,1997,6.2,5.4,5.9,6.3,6.4,239722,68,20519,111880,41251
Scream 2,1997,6.2,7,6.5,6.1,6.1,168485,112,20448,82893,19285
Jeepers Creepers,2001,6.2,6.7,6.3,6.1,6.3,121111,46,13648,59827,16704
Final Destination 2,2003,6.2,6.4,6.2,6.2,6.3,160571,81,26116,80142,15615
The Texas Chainsaw Massacre,2003,6.2,6.3,6.2,6.2,6.1,136715,57,17678,72398,14536
Resident Evil: Apocalypse,2004,6.2,6.1,6.4,6.1,6.2,193571,33,26468,102431,21108
Wolf Creek,2005,6.2,5.7,6.1,6.2,6.4,70851,16,6867,37163,11929
Deliver Us from Evil,2014,6.2,6.1,6.3,6.2,6.2,74962,6,12118,34672,9831
Land of the Dead,2005,6.2,5.3,6.1,6.1,6.3,95090,10,7603,52838,14922
Krampus,2015,6.2,6,6.2,6.2,6.1,68997,33,11346,28556,7881
"As Above, So Below",2014,6.2,6.6,6.4,6.2,5.9,87210,47,16557,35355,8953
Ouija: Origin of Evil,2016,6.2,6,6.2,6.1,6.2,59781,42,10821,22792,6433
Scary Stories to Tell in the Dark,2019,6.2,6.4,6.2,6.1,6.2,70634,69,12355,24587,6898
Colossal,2016,6.2,6.2,6.4,6.2,6.2,62827,15,8858,27394,9216
Before I Wake,2016,6.2,5.8,6.3,6.1,6.1,44310,30,7614,17725,4918
Fear Street: Part One - 1994,2021,6.2,6.6,6.2,6.2,6.1,69911,179,9848,22483,5893
Color Out of Space,2019,6.2,5.5,6.3,6.2,5.9,42797,19,4976,17349,6313
It Comes at Night,2017,6.2,7.1,6.6,6.1,5.9,89926,39,16349,35336,9189
Verónica,2017,6.2,6.4,6.2,6.2,6.2,39347,39,7493,15045,3716
Happy Death Day 2U,2019,6.2,6.1,6.2,6.1,6.3,68410,121,12783,23868,6304
The Perfection,2018,6.2,5.2,6.2,6.1,6.2,40393,23,6344,15145,4865
Synchronic,2019,6.2,6.5,6.4,6.2,6.1,25877,11,2351,10078,4573
The Hills Have Eyes,1977,6.3,6,6.3,6.3,6.3,33378,22,3450,15270,6622
Predator 2,1990,6.3,5.6,6.1,6.3,6.2,155463,42,13203,75846,24466
Damien: Omen II,1978,6.3,5.5,6.1,6.2,6.4,31273,5,1796,12536,9185
Sleepaway Camp,1983,6.3,7,6.4,6.3,6,30683,32,3542,14065,4740
Dracula Untold,2014,6.3,6.1,6.3,6.2,6.4,188488,26,35677,80995,19049
The Uninvited,2009,6.3,7.4,6.6,6.3,6.2,78933,8,14058,39948,9185
Goosebumps,2015,6.3,6.1,6.4,6.2,6.3,85869,88,15029,34503,9153
Paranormal Activity,2007,6.3,6.1,6.1,6.4,6.2,231014,92,40665,119527,22809
Feast,2005,6.3,6.3,6.1,6.3,6.3,31116,3,2117,17406,5968
#Alive,2020,6.3,6.8,6.3,6.2,6.3,34087,67,5585,11329,2949
1922,2017,6.3,6.5,6.3,6.2,6.2,59322,31,9688,22244,7215
I Spit on Your Grave,2010,6.3,4.8,6.2,6.3,6.3,81290,23,13520,39183,10146
Underworld: Awakening,2012,6.3,5.8,6.5,6.3,6.4,151163,12,22113,79141,19362
Dead Snow,2009,6.3,6.3,6.2,6.3,6.3,66114,12,8872,36444,9566
Scouts Guide to the Zombie Apocalypse,2015,6.3,6.1,6.3,6.3,6.3,49115,22,7821,21018,6352
Dark Skies,2013,6.3,5.9,6.4,6.3,6.3,74007,9,10346,35995,11587
13 Sins,2014,6.3,6.8,6.5,6.2,6.3,35554,4,5712,16630,5007
Malignant,2021,6.3,6.9,6.4,6.2,6.1,65961,74,9822,20990,5916
The Visit,2015,6.3,5.4,6.3,6.3,6.1,124308,67,20883,50292,14382
Cargo,2017,6.3,5.7,6.3,6.3,6.4,41471,19,5903,16406,5641
The People Under the Stairs,1991,6.4,7,6.7,6.5,6.2,33837,8,2241,17125,6640
Screamers,1995,6.4,4,6.2,6.4,6.2,26495,1,789,13770,6191
The Cell,2000,6.4,8.3,6.4,6.4,6.3,100426,4,4478,52510,20046
The Craft,1996,6.4,6.7,6.6,6.3,6.3,88044,35,7733,42206,13836
Mary Shelley's Frankenstein,1994,6.4,6.7,6.3,6.5,6.2,53889,3,3629,25144,12332
Session 9,2001,6.4,6.7,6.2,6.4,6.5,57317,5,5470,30370,9674
Mindhunters,2004,6.4,6.6,6.7,6.4,6.1,59832,9,4603,34126,9215
Daybreakers,2009,6.4,6.3,6.5,6.4,6.4,126341,6,14064,73647,18120
Night Watch,2004,6.4,6.3,6.3,6.4,6.6,53414,3,2621,31591,9822
The Mothman Prophecies,2002,6.4,8.3,6.4,6.4,6.5,78974,4,4553,39898,16721
The Hills Have Eyes,2006,6.4,6.5,6.4,6.4,6.3,165911,34,22951,87792,17387
Them,2006,6.4,5.8,6.3,6.4,6.5,30080,4,2806,16698,5354
The House of the Devil,2009,6.4,7.1,6.4,6.4,6.2,43642,7,4916,23365,6620
Black Death,2010,6.4,6.7,6.5,6.4,6.3,46972,3,4503,25252,9272
The Collector,2009,6.4,6.6,6.5,6.4,6.3,62903,28,10271,31015,7430
Freaky,2020,6.4,7,6.5,6.3,6.3,48211,83,7151,17360,5474
Fright Night,2011,6.4,6.2,6.6,6.3,6.3,103686,7,15581,56124,14879
Under the Skin,2013,6.4,8.3,6.8,6.2,6,137474,49,22503,59867,20017
The Voices,2014,6.4,6.3,6.6,6.3,6.1,56401,8,9348,25993,7054
The Woman in Black,2012,6.4,6.2,6.5,6.3,6.4,179566,34,37075,81071,20428
John Dies at the End,2012,6.4,5,6.5,6.4,6.3,37590,2,3929,20460,6787
Kill List,2011,6.4,4.8,6.7,6.3,6.2,39353,4,4486,19765,7486
Creep,2014,6.4,6.7,6.5,6.3,6,49622,58,9345,18750,4603
The Purge: Anarchy,2014,6.4,6.5,6.6,6.4,6.3,147494,91,31503,58694,12438
The Babysitter,2017,6.4,6.1,6.2,6.4,6.5,85048,146,16024,29569,7148
Alien: Covenant,2017,6.4,6.4,6.5,6.4,6.4,269117,87,37427,110243,33676
Tale of Tales,2015,6.4,7.3,6.7,6.4,6.3,27770,3,3574,12306,4822
Ghost Stories,2017,6.4,6.5,6.6,6.3,6.2,33559,13,4728,13664,5006
Incident in a Ghostland,2018,6.4,6.3,6.6,6.4,6.3,28231,11,4049,10941,3752
A Cure for Wellness,2016,6.4,6.9,6.6,6.3,6.3,92967,24,16923,35771,10376
Revenge,2017,6.4,5.5,6.7,6.3,6.1,40971,19,5611,16589,6177
Escape Room,2019,6.4,6.8,6.4,6.3,6.3,110391,176,20048,38351,9656
Unsane,2018,6.4,6.5,6.5,6.4,6.4,44496,21,6837,17562,6290
Halloween II,1981,6.5,6.4,6.5,6.5,6.5,85511,92,10041,35883,13734
Psycho II,1983,6.5,7.5,6.8,6.5,6.3,26382,15,2446,10851,6384
Twilight Zone: The Movie,1983,6.5,5.5,6.5,6.5,6.5,36806,5,1915,14314,11656
The Skeleton Key,2005,6.5,6.3,6.6,6.5,6.5,111049,12,11987,60111,15905
The Crazies,2010,6.5,6.8,6.5,6.5,6.6,116892,19,15341,63219,16429
Day Watch,2006,6.5,7,6.3,6.5,6.5,34077,1,1957,20562,6197
Bad Taste,1987,6.5,6.5,6.5,6.6,6.5,46032,7,3293,23711,8351
Tideland,2005,6.5,6.1,6.4,6.5,6.3,32902,6,2194,18703,6089
Severance,2006,6.5,5.5,6.4,6.5,6.5,38145,2,2374,21594,7445
Slither,2006,6.5,6.7,6.3,6.5,6.6,79573,21,7715,42916,12830
Host,2020,6.5,5.6,6.6,6.5,6.4,25415,41,3913,9413,2662
Resident Evil: Degeneration,2008,6.5,7,6.6,6.5,6.2,30700,3,3629,18321,3146
Drag Me to Hell,2009,6.5,6.6,6.4,6.6,6.6,196324,42,27858,106486,23605
The Last House on the Left,2009,6.5,7.2,6.6,6.5,6.5,90028,22,12626,47580,11491
[Rec]²,2009,6.5,6.5,6.6,6.5,6.5,71507,23,11968,38066,7315
Stake Land,2010,6.5,7,6.6,6.4,6.5,41919,2,3891,22974,8443
Evil Dead,2013,6.5,6.4,6.6,6.5,6.2,164892,66,29451,77010,17373
Byzantium,2012,6.5,6.2,6.8,6.5,6.6,42897,4,4877,21310,8714
The Awakening,2011,6.5,6.8,6.6,6.4,6.6,65556,4,8175,32267,10342
Crimson Peak,2015,6.5,6.8,6.7,6.5,6.5,141365,42,25200,60447,15936
Time Lapse,2014,6.5,6.9,6.8,6.5,6.4,44287,9,6078,20702,7025
The Endless,2017,6.5,6.6,6.6,6.5,6.3,39330,8,4617,16697,6182
Oculus,2013,6.5,6.8,6.7,6.5,6.4,123963,37,24746,52936,12635
Better Watch Out,2016,6.5,6.3,6.6,6.5,6.4,35549,33,5438,14594,4348
Gerald's Game,2017,6.5,6.3,6.7,6.5,6.4,101314,67,19051,38060,9517
The Night House,2020,6.5,6.8,6.7,6.4,6.3,27627,21,3888,10059,3123
Possessor,2020,6.5,7,6.8,6.5,6.2,29816,29,4177,11923,3943
Annabelle: Creation,2017,6.5,6.7,6.6,6.4,6.3,125616,186,26797,40075,8837
The Hunt,2020,6.5,5.8,6.4,6.5,6.7,93987,81,12007,34510,12759
It Chapter Two,2019,6.5,6.6,6.5,6.4,6.4,238579,363,44213,74602,18489
His House,2020,6.5,5.9,6.6,6.4,6.3,36260,32,5810,13511,3513
The Howling,1981,6.6,7.8,6.6,6.5,6.7,34041,4,2035,13934,9804
A Nightmare on Elm Street 3: Dream Warriors,1987,6.6,7.3,6.7,6.6,6.4,77590,86,8450,34839,12282
The Witches of Eastwick,1987,6.6,8.1,6.6,6.5,6.6,67203,6,3823,27084,18735
The Blob,1988,6.6,7.2,6.8,6.6,6.3,35719,9,2628,16262,8168
Pontypool,2008,6.6,7,6.6,6.6,6.6,31144,3,2809,16702,5917
Child's Play,1988,6.6,7.1,6.6,6.6,6.4,96888,121,13182,45376,11858
Pet Sematary,1989,6.6,5.9,6.5,6.6,6.5,99988,40,9820,46691,17659
Flatliners,1990,6.6,7.4,6.5,6.6,6.6,84475,8,3866,36877,23723
Death Becomes Her,1992,6.6,6.1,6.8,6.6,6.3,113298,18,9222,55012,21068
May,2002,6.6,6.8,6.8,6.6,6.6,36161,7,3180,18646,6532
Antichrist,2009,6.6,6.6,6.7,6.6,6.3,122511,27,18590,63460,13903
30 Days of Night,2007,6.6,6.4,6.5,6.5,6.7,172132,19,17313,95311,24641
Saw II,2005,6.6,7,6.7,6.5,6.3,244511,136,38810,128115,20112
Mother!,2017,6.6,6.9,7.1,6.5,5.9,209679,108,40097,75825,19510
What Lies Beneath,2000,6.6,6.6,6.6,6.6,6.6,122758,17,6582,61097,24888
Fear Street: Part Three - 1666,2021,6.6,7.1,6.7,6.5,6.5,44290,135,6634,14374,3616
Life,2017,6.6,6.9,6.7,6.5,6.5,219950,66,33998,89279,25623
Mandy,2018,6.6,7.5,6.9,6.5,5.9,72459,32,11250,28943,8340
Happy Death Day,2017,6.6,6.6,6.6,6.5,6.6,131019,194,26171,44230,11605
Phantasm,1979,6.7,6.8,6.7,6.6,6.8,35467,9,2227,15217,9240
Return to Oz,1985,6.7,5.1,6.5,6.9,6.3,26367,5,2092,14309,3806
From Beyond,1986,6.7,6.5,6.8,6.7,6.7,25028,4,1927,11600,5648
Christine,1983,6.7,6.8,6.8,6.7,6.7,78662,28,6251,32426,19439
Candyman,1992,6.7,6.8,6.8,6.6,6.5,86171,54,8633,39989,14090
Prince of Darkness,1987,6.7,6.7,6.7,6.7,6.7,41404,7,2894,17942,10034
Resident Evil,2002,6.7,6.6,6.7,6.7,6.7,260134,46,33790,134463,29040
Cronos,1993,6.7,6.8,6.9,6.7,6.7,29079,4,2902,14476,5652
Final Destination,2000,6.7,6.9,6.6,6.7,6.7,243381,122,36974,119803,25060
Blade II,2002,6.7,6.8,6.7,6.6,6.6,209809,33,23032,108012,26461
The Gift,2000,6.7,5.8,6.6,6.6,6.8,66792,5,3085,30726,15901
Event Horizon,1997,6.7,6.9,6.4,6.8,6.5,170561,29,12439,86765,29284
Ju-on: The Grudge,2002,6.7,6.5,6.6,6.7,6.8,43384,9,6010,21805,5836
Dark Water,2002,6.7,8,6.6,6.7,6.8,31633,2,3052,16370,5339
Fido,2006,6.7,4,6.6,6.7,6.8,28915,1,2026,16696,5536
The Eye,2002,6.7,7,6.5,6.6,6.8,28756,2,2244,15401,5198
Inside,2007,6.7,6.1,6.6,6.8,6.8,39644,13,4556,21599,5497
Pandorum,2009,6.7,5.5,6.7,6.8,6.6,148313,6,13815,84804,22943
Rare Exports,2010,6.7,6.8,6.6,6.6,6.8,28049,4,2599,15719,5218
The Exorcism of Emily Rose,2005,6.7,6.8,6.7,6.7,6.7,125626,31,17768,64720,15078
Zombieland: Double Tap,2019,6.7,7,6.7,6.6,6.7,164976,176,28703,58403,15996
The Call,2013,6.7,6.9,7,6.6,6.6,118063,28,20060,53299,14905
Los ojos de Julia,2010,6.7,8,6.9,6.7,6.5,34558,5,5135,17596,4450
Suspiria,2018,6.7,7,7.2,6.6,6.1,70696,54,12954,25149,7288
Hotel Transylvania 2,2015,6.7,6.3,6.8,6.6,6.6,117876,205,24512,41387,8951
Goodnight Mommy,2014,6.7,6.9,6.9,6.6,6.6,49267,27,10067,19976,4915
Spring,2014,6.7,5,7,6.7,6.5,27052,2,3200,13082,4478
Summer of 84,2018,6.7,6.5,6.8,6.7,6.5,38138,18,5051,16293,4553
Turbo Kid,2015,6.7,7,6.8,6.7,6.3,27543,5,3394,14053,3646
Fear Street: Part Two - 1978,2021,6.7,7.2,6.8,6.6,6.6,54110,153,7869,17493,4505
Saint Maud,2019,6.7,7.2,6.9,6.7,6.5,28496,33,4461,10296,3583
Marrowbone,2017,6.7,7,7,6.6,6.5,29121,16,4479,11103,3801
The Brood,1979,6.8,6.9,7,6.9,6.7,28533,9,2553,13205,6145
House on Haunted Hill,1959,6.8,6.9,6.9,6.8,6.8,26188,9,2575,10657,6415
Zombie,1979,6.8,6.8,6.9,6.8,6.7,27111,4,2008,13215,5691
Insidious,2010,6.8,7.3,6.9,6.8,6.6,295426,164,63280,123053,24843
Eden Lake,2008,6.8,6.8,6.8,6.8,6.7,81769,20,11113,42503,10738
Stonehearst Asylum,2014,6.8,6.7,7.1,6.7,6.7,54894,6,8077,25574,7937
Warm Bodies,2013,6.8,6.7,7,6.8,6.8,226575,44,50698,99989,20366
Odd Thomas,2013,6.8,7.5,7,6.8,6.9,51259,4,4932,23569,10669
The Babadook,2014,6.8,6.7,6.9,6.7,6.7,211342,93,42400,82733,19309
Sinister,2012,6.8,7,6.9,6.7,6.6,237359,121,49261,95094,20759
Annihilation,2018,6.8,6.8,7.1,6.8,6.5,303057,119,51606,115352,30699
The Autopsy of Jane Doe,2016,6.8,6.8,6.8,6.8,6.7,109246,57,18413,42039,12239
It Follows,2014,6.8,6.8,6.9,6.8,6.6,226725,107,43685,90698,20799
Housebound,2014,6.8,6.3,6.8,6.7,6.8,33574,5,4578,16653,5087
The House That Jack Built,2018,6.8,7.1,7.1,6.7,6.3,68395,45,12482,24800,7119
Us,2019,6.8,7.1,7.1,6.7,6.5,263672,275,50582,85116,21042
Shin Godzilla,2016,6.8,7.8,7.1,6.7,6.4,26450,19,3966,9563,3372
I See You,2019,6.8,6.6,6.9,6.8,6.7,44434,28,5379,16175,6618
Altered States,1980,6.9,8.5,7.1,6.8,6.9,34087,2,2577,13758,9903
Creepshow,1982,6.9,7.2,7,6.8,6.8,45817,17,3632,19322,10805
28 Weeks Later,2007,6.9,6.6,7,7,6.9,268565,46,33151,144571,33190
The Witches,1990,6.9,6.5,6.7,6.9,6.7,48071,17,4932,23488,5910
Night of the Living Dead,1990,6.9,7,6.8,6.9,6.8,41140,9,3168,20935,7804
Frankenweenie,2012,6.9,7,7.1,6.9,7,103807,77,18721,48146,11349
The Witch,2015,6.9,7.4,7.2,6.8,6.6,229383,145,42644,82781,20680
Shadow of the Vampire,2000,6.9,7.5,6.9,6.9,6.9,41291,2,2140,19378,10045
Hocus Pocus,1993,6.9,6.8,6.9,6.9,6.4,118569,66,15710,52610,11618
Under the Shadow,2016,6.9,6.2,7,6.8,6.8,26578,8,4263,11849,3177
Hellraiser,1987,7,7.1,6.9,7,7.1,114518,68,12528,52622,19393
Ready or Not,2019,6.9,7.3,6.9,6.8,6.7,132784,131,22525,46329,12827
Creature from the Black Lagoon,1954,7,6.3,7.1,6.9,7,29147,13,2967,10231,8185
The Monster Squad,1987,7,7.1,6.8,7.1,6.7,31538,7,1995,16543,5328
Cloverfield,2008,7,7,6.9,7,6.8,386248,87,48404,205876,46203
Near Dark,1987,7,6.7,7,6.9,7.1,37076,7,2296,16887,9492
Henry: Portrait of a Serial Killer,1986,7,7.5,7.1,6.9,7.1,34747,16,3250,15758,7459
Brotherhood of the Wolf,2001,7,7.5,6.8,7,7.1,65183,4,2699,33418,13439
Ravenous,1999,7,8.3,6.9,7,6.9,38785,3,1832,19614,8428
Stir of Echoes,1999,7,6.3,6.9,7,7,79561,9,3966,40445,16964
Constantine,2005,7,6.8,7.1,7,6.8,326658,68,40353,167587,36846
Hellboy II: The Golden Army,2008,7,7.2,7,7,7,264284,50,37248,136517,32671
Bubba Ho-Tep,2002,7,8,6.8,7,7,47534,3,2010,24488,10402
The Platform,2019,7,7.1,7.1,6.9,6.7,196240,276,38241,63346,11993
Climax,2018,7,7.9,7.5,6.8,6.1,61875,55,14184,19804,4639
Ichi the Killer,2001,7,7.9,7.1,7,6.9,54702,11,4995,30769,7237
The Thing from Another World,1951,7.1,7.6,6.9,6.9,7.4,28921,6,1797,10049,10268
Fright Night,1985,7.1,7.4,7.1,7,7.2,66828,20,5667,28432,15776
Day of the Dead,1985,7.1,7.4,7.3,7.2,6.9,67036,17,5381,33386,12125
Tremors,1990,7.1,7.1,7.1,7.1,7.1,131506,42,11483,63597,22993
The Mummy,1932,7.1,7.4,6.9,6.9,7.3,25720,13,2564,9440,7227
Blade,1998,7.1,7.1,7,7.1,7.1,260398,54,29110,130761,33449
The Frighteners,1996,7.1,7.2,7,7.1,7.1,86053,11,4970,44260,17113
Little Shop of Horrors,1986,7.1,7.8,7.4,7,6.8,72166,28,6149,29889,15777
The Ring,2002,7.1,6.9,7,7.1,7.1,336544,129,49236,160112,36351
Shutter,2004,7.1,6.4,7.1,7.1,6.8,43593,11,6871,23571,4632
The Host,2006,7.1,7.2,7.2,7,6.9,116171,44,15670,55376,15675
Pitch Black,2000,7.1,6.8,7,7.1,7.1,233205,17,20825,122961,37458
Hotel Transylvania,2012,7.1,7,7.2,7,6.9,240399,259,52162,95202,19410
Thirst,2009,7.1,8.3,7.4,7.1,6.9,45269,14,5511,24797,5832
The Mist,2007,7.1,7.4,7.1,7.1,7,294403,78,41266,152015,34947
Bhoot Police,2021,7.1,8,5.9,5.6,5,25232,18,1042,1389,125
Martyrs,2008,7.1,7,7.2,7,7,89319,33,13506,44867,10143
The Call,2020,7.1,7.1,7.2,7,6.9,26935,50,4958,8010,1766
Bone Tomahawk,2015,7.1,7.7,7.3,7.1,7,94965,27,11806,40579,15252
Let Me In,2010,7.1,7.3,7.1,7.1,7.2,117652,17,17967,59888,17361
The Invisible Man,2020,7.1,7.3,7.2,7,6.9,201132,174,32671,67659,21017
Don't Breathe,2016,7.1,7.1,7.2,7,7,257012,207,52067,87678,19656
Midsommar,2019,7.1,7.5,7.3,7,6.7,267000,279,49872,80529,20953
Don't Look Now,1973,7.2,7.2,7.3,7.2,7.3,53795,21,5689,23101,12209
The Fearless Vampire Killers,1967,7.2,7.2,7,7.1,7.2,31022,4,1915,13184,8648
Black Christmas,1974,7.2,7.7,7.3,7.2,7,38131,29,4365,16949,7045
The Dead Zone,1983,7.2,7.2,7.1,7.1,7.4,67307,15,4993,28046,17388
The Changeling,1980,7.2,7.5,7.1,7.2,7.3,33197,2,2402,14904,8385
Gremlins,1984,7.3,7.3,7.1,7.3,7.3,212160,116,21589,96654,34359
Videodrome,1983,7.2,8.1,7.3,7.2,7.1,89067,27,10716,41803,15019
Re-Animator,1985,7.2,7.5,7.3,7.2,7.1,61420,17,6138,28224,11530
Ringu,1998,7.2,7.1,7.1,7.3,7.3,67639,17,7517,33750,10445
Cube,1997,7.2,7.3,7,7.3,7.2,223003,64,28940,113678,25660
In the Mouth of Madness,1994,7.2,6.8,7.2,7.2,7,66411,10,5854,33005,11608
From Dusk Till Dawn,1996,7.2,7.2,7.1,7.3,7.2,301651,53,31788,144408,43654
Audition,1999,7.2,7.5,7.3,7.1,7.2,78113,18,9288,39416,11288
The Descent,2005,7.2,7.1,7.1,7.2,7.2,214563,77,27539,107861,27347
An American Crime,2007,7.3,8.1,7.4,7.3,7.2,34048,7,4274,18289,4985
It,2017,7.3,7.4,7.4,7.3,7.1,501917,636,100140,156152,36054
A Tale of Two Sisters,2003,7.2,6.7,7.2,7.2,7.1,60261,12,8123,31818,7017
Split,2016,7.3,7.6,7.4,7.3,7.1,462515,285,92323,156852,34695
The Conjuring 2,2016,7.3,7.5,7.4,7.2,7.1,253778,262,53546,82170,16552
A Quiet Place Part II,2020,7.3,7.7,7.4,7.2,7.1,179755,288,28391,53696,14990
Doctor Sleep,2019,7.3,7.4,7.4,7.3,7.2,173650,146,26310,60747,19613
The Rocky Horror Picture Show,1975,7.4,7.6,7.6,7.3,7.3,144194,58,20033,57548,25934
Suspiria,1977,7.4,7.9,7.6,7.4,7.1,88594,61,13177,37550,13462
Carrie,1976,7.4,7.7,7.4,7.3,7.5,178822,110,22844,76766,31762
Eraserhead,1977,7.4,8,7.7,7.3,7,110958,76,17729,46493,15023
Hereditary,2018,7.3,7.5,7.6,7.2,6.8,277962,241,53423,90040,23076
House,1977,7.4,8.1,7.6,7.3,6.8,25267,26,4918,10255,2893
Dracula,1992,7.4,7.1,7.2,7.5,7.5,207439,48,19042,96823,36703
Possession,1981,7.4,8.4,7.9,7.3,6.8,29355,11,4780,12539,4491
Invasion of the Body Snatchers,1978,7.4,8,7.5,7.4,7.4,57633,11,4500,22964,16065
The Devil's Backbone,2001,7.4,7.5,7.5,7.4,7.5,64335,12,6587,33623,11054
Thesis,1996,7.4,7.6,7.6,7.4,7.3,37777,8,3456,19492,6462
Pi,1998,7.4,7.2,7.4,7.4,7.1,175201,32,19943,93994,22445
REC,2007,7.4,7.4,7.4,7.5,7.3,173764,62,28069,91300,16904
The Texas Chain Saw Massacre,1974,7.5,7.7,7.5,7.4,7.3,149703,143,21149,64140,20801
The Haunting,1963,7.5,6.9,7.4,7.4,7.6,38355,10,3068,15441,11151
The Omen,1976,7.5,7.9,7.4,7.5,7.7,114365,59,12116,49941,23666
Dracula,1931,7.5,7.3,7.4,7.4,7.6,50452,41,6144,19921,11297
The Wicker Man,1973,7.5,7.7,7.6,7.5,7.5,77509,26,9025,32938,16110
The Orphanage,2007,7.4,7.3,7.4,7.5,7.4,152357,37,21165,83912,17694
The Wailing,2016,7.5,7.5,7.7,7.4,7,61968,32,11080,24359,5625
Nosferatu the Vampyre,1979,7.5,8.1,7.6,7.5,7.4,34879,12,3800,15263,7562
Tucker and Dale vs Evil,2010,7.5,7.4,7.5,7.5,7.5,173376,34,28577,90035,18534
An American Werewolf in London,1981,7.5,7.5,7.5,7.4,7.7,101440,44,10020,39558,24272
Jacob's Ladder,1990,7.5,7.1,7.5,7.5,7.4,104435,19,11519,48633,19702
Dead Alive,1992,7.5,7.3,7.5,7.5,7.4,94959,12,8885,51135,13638
The Evil Dead,1981,7.5,7.7,7.4,7.4,7.5,198796,116,25908,91572,27184
A Nightmare on Elm Street,1984,7.5,7.8,7.4,7.5,7.4,224808,179,31499,97390,30853
Interview with the Vampire: The Vampire Chronicles,1994,7.5,7.6,7.5,7.6,7.3,308055,53,32656,158451,42276
Army of Darkness,1992,7.5,7.4,7.4,7.5,7.4,170747,55,15727,82918,26919
Grindhouse,2007,7.5,7.7,7.6,7.6,7.2,182174,21,13799,111261,23959
Peeping Tom,1960,7.7,7.5,7.9,7.7,7.5,33917,19,3999,14851,7322
Eyes Without a Face,1960,7.7,8.1,7.8,7.6,7.6,30260,27,4560,12925,5320
Invasion of the Body Snatchers,1956,7.7,7.8,7.7,7.6,7.9,47927,15,4124,18256,13918
The Birds,1963,7.7,7.9,7.5,7.6,7.9,181757,91,22725,75668,34119
Evil Dead II,1987,7.7,8.3,7.8,7.7,7.6,156780,84,18021,73753,22850
Halloween,1978,7.7,7.9,7.6,7.7,7.9,260324,234,36123,104964,37193
Repulsion,1965,7.7,7.4,7.8,7.7,7.6,51791,15,6577,23213,9849
Vampire Hunter D: Bloodlust,2000,7.7,6.8,7.7,7.7,7.3,30898,6,2655,18269,3208
What We Do in the Shadows,2014,7.7,8.3,7.8,7.6,7.5,172445,72,32515,70527,16547
Frankenstein,1931,7.8,7.4,7.7,7.7,8,69830,54,8175,27398,16705
The Bride of Frankenstein,1935,7.8,7.7,7.8,7.7,7.9,46687,34,4635,17826,12570
Get Out,2017,7.7,8.1,7.9,7.6,7.4,541326,378,107352,177235,42713
The Innocents,1961,7.8,6.8,8,7.8,7.8,29285,6,2938,12412,7493
Predator,1987,7.8,7.7,7.6,7.9,7.8,391634,122,39755,190038,57069
I Saw the Devil,2010,7.8,7.9,8,7.8,7.6,122230,55,20062,58921,11457
Freaks,1932,7.9,7.3,7.9,7.9,7.9,44828,13,4872,19533,9910
Nosferatu,1922,7.9,7.9,7.8,7.9,8.1,93432,47,12377,41521,16782
Night of the Living Dead,1968,7.9,7.8,7.8,7.9,7.9,123901,77,13391,55894,22211
King Kong,1933,7.9,7.7,7.8,7.8,8.1,83211,36,7392,33912,21377
The Exorcist,1973,8,7.8,7.9,8,8.2,382294,200,49877,173030,59292
Shaun of the Dead,2004,7.9,8.1,7.9,7.9,7.8,536621,205,89160,251719,54609
Diabolique,1955,8.1,7.3,8.1,8.1,8.1,64478,26,6934,27345,13590
Let the Right One In,2008,7.9,7.4,7.8,7.9,7.9,211959,32,25744,118592,30316
Rosemary's Baby,1968,8,8.3,8.1,7.9,7.9,206548,124,27832,91116,35142
The Cabinet of Dr. Caligari,1920,8.1,8.3,8.1,8.1,8,61246,41,9680,25986,9743
Dawn of the Dead,1978,7.9,8.1,7.8,7.9,7.9,117187,36,11014,57208,20684
Demon Slayer: Mugen Train,2020,8.2,8.3,8.4,7.9,6.5,41146,181,7585,6355,1096
The Blue Elephant,2014,8.1,9,8.4,7.7,6.1,27902,42,10757,8098,519
Alien,1979,8.4,8.5,8.3,8.4,8.7,834300,359,104730,338468,128331
The Shining,1980,8.4,8.7,8.4,8.4,8.4,959051,587,159068,375148,108578
Tumbbad,2018,8.3,8.8,8.5,8,6.7,38702,46,7472,8824,1010
What Ever Happened to Baby Jane?,1962,8.1,8.2,8.1,8,8.1,53602,26,5652,20478,14145
The Thing,1982,8.1,8.6,8.1,8.1,8.1,399049,201,50663,168655,64299