Name,Year,Rating,User_Type,vote10,vote9,vote8,vote7,vote6,vote5,vote4,vote3,vote2,vote1
The Lighthouse,2019,7.5,IMDb Users,21413,29629,48256,37827,18885,9223,4841,3132,2268,3743
A Quiet Place,2018,7.5,IMDb Users,54103,75677,152430,118066,47978,18678,8604,5048,3367,5649
The Conjuring,2013,7.5,IMDb Users,61822,70986,145724,120266,48014,17467,7025,3644,2187,3614
American Psycho,2000,7.6,IMDb Users,62803,84728,168004,131072,51486,19245,8347,4427,2934,4419
Psycho,1960,8.5,IMDb Users,154176,178106,173392,81863,26755,10529,4706,2575,1848,4906
Tucker and Dale vs Evil,2010,7.5,IMDb Users,20262,24219,55340,45710,17270,5722,2096,1037,574,1075
The Others,2001,7.6,IMDb Users,38695,54763,116111,88569,33707,11832,4453,2178,1324,2297
The Fly,1986,7.6,IMDb Users,15131,22396,57257,47844,17476,6099,2360,1239,654,1101
Train to Busan,2016,7.6,IMDb Users,23812,30003,63720,50651,17760,5889,2273,1098,680,1258
Saw,2004,7.6,IMDb Users,55673,61187,126429,89916,34342,14455,6670,4026,2836,6490
Zombieland,2009,7.6,IMDb Users,60081,80268,181413,142128,51956,17151,6419,3306,2025,3648
The Wailing,2016,7.5,IMDb Users,5941,9754,18639,14986,6444,2915,1252,706,410,864
Deep Red,1975,7.6,IMDb Users,5438,5389,9927,7762,3902,1780,770,427,295,487
The Invisible Man,1933,7.7,IMDb Users,4187,4521,10930,8332,3108,1052,432,166,87,771
Stree,2018,7.6,IMDb Users,6338,5745,8468,6493,2606,979,421,276,167,547
The Skin I Live In,2011,7.6,IMDb Users,14476,24583,48841,34941,12941,5077,2231,1257,846,1753
Hellboy II: The Golden Army,2008,7.0,IMDb Users,19409,21692,60000,86564,45170,16789,6606,3210,1873,2897
10 Cloverfield Lane,2016,7.2,IMDb Users,15672,29583,88296,102379,43910,15370,5816,3122,1841,3172
Cloverfield,2008,7.0,IMDb Users,38003,41525,86702,102258,55471,25288,12411,7539,5466,11488
Orphan,2009,7.0,IMDb Users,17254,18284,45547,64549,34064,13716,5778,2872,1679,2491
28 Days Later...,2002,7.6,IMDb Users,40836,58984,129379,100814,37837,14177,6088,3250,2056,3367
Planet Terror,2007,7.0,IMDb Users,19072,21394,50032,56580,29463,13110,6096,3651,2422,4358
World War Z,2013,7.0,IMDb Users,43926,53494,145586,203896,106163,41863,17120,8832,4947,7235
Green Room,2015,7.0,IMDb Users,5594,9989,28005,36513,19513,8363,3399,1817,1105,1801
The Killing of a Sacred Deer,2017,7.0,IMDb Users,7935,15618,35034,37692,18682,9045,4511,3079,2503,5434
Raw,2016,7.0,IMDb Users,4051,7070,17232,20063,10571,4848,2332,1387,917,1667
Trollhunter,2010,7.0,IMDb Users,5227,6500,17059,21983,11447,4676,2149,1191,769,1142
A Girl Walks Home Alone at Night,2014,7.0,IMDb Users,2460,3613,8480,9251,4985,2357,1057,664,412,775
The Cabin in the Woods,2011,7.0,IMDb Users,35416,43281,88080,100622,55884,28700,15502,10044,7216,13693
The Descent,2005,7.2,IMDb Users,20811,25349,54667,57237,28939,12783,5926,3351,2025,3400
The Platform,2019,7.0,IMDb Users,11311,18102,46435,63001,31236,12705,5271,2865,1696,3448
Thelma,2017,7.0,IMDb Users,1616,2581,7057,9433,5105,1997,758,398,270,566
Zombie,1979,6.8,IMDb Users,3288,2307,5174,6827,4491,2237,1154,620,424,586
Scanners,1981,6.8,IMDb Users,2885,3237,10044,17338,11208,4476,1804,805,424,484
Antichrist,2009,6.6,IMDb Users,11225,13543,22914,25790,18185,10858,6315,4242,3338,6053
The Fog,1980,6.8,IMDb Users,5950,5013,13092,21098,14272,6120,2544,1237,595,666
Halloween,2018,6.6,IMDb Users,11099,8797,23984,37736,29144,14606,6626,3669,2218,3462
Pontypool,2008,6.6,IMDb Users,2089,2428,5809,8364,5738,2858,1544,899,575,820
Dead Calm,1989,6.8,IMDb Users,2005,2250,7556,13690,8294,3120,1164,459,278,369
You're Next,2011,6.6,IMDb Users,5682,5710,15870,27663,20514,9665,4408,2350,1422,1826
The Loved Ones,2009,6.6,IMDb Users,2764,2962,7232,11157,7615,3526,1764,960,702,1062
Phenomena,1985,6.8,IMDb Users,2319,2078,4777,7015,4644,2181,1049,577,368,379
Insidious: Chapter 2,2013,6.6,IMDb Users,14173,10634,26838,46907,35894,15982,7015,3107,1794,2151
Overlord,2018,6.6,IMDb Users,4292,4625,16223,30788,21839,8785,3417,1687,957,1534
Bird Box,2018,6.6,IMDb Users,17404,18183,53479,93584,67724,29739,13013,7220,4283,5908
Hush,2016,6.6,IMDb Users,6249,6485,20207,38165,27875,11628,4878,2265,1352,1783
The Girl with All the Gifts,2016,6.6,IMDb Users,2294,3231,10403,18543,13331,5559,2190,1044,581,933
The Final Girls,2015,6.6,IMDb Users,3221,2408,6987,12830,10024,4647,1900,861,487,650
Bad Taste,1987,6.5,IMDb Users,5133,3640,8053,11324,8006,4078,2165,1289,982,1349
Hellbound: Hellraiser II,1988,6.5,IMDb Users,4443,3037,6657,11389,10371,5337,2458,1238,726,831
New Nightmare,1994,6.5,IMDb Users,4792,3296,8102,14286,12511,6516,2950,1466,862,1170
Alien 3,1992,6.5,IMDb Users,13975,13179,38058,79935,72879,32692,15166,9205,6578,8479
Cargo,2017,6.3,IMDb Users,1755,1672,5488,11719,11310,5163,2154,974,495,722
The Exorcist III,1990,6.5,IMDb Users,2615,2159,4803,6394,6078,3787,2064,1292,580,640
Twilight Zone: The Movie,1983,6.5,IMDb Users,2054,1511,4958,10870,9853,4564,1566,624,346,443
The Faculty,1998,6.5,IMDb Users,8259,5860,17701,33721,28874,13256,5630,2471,1237,1386
Lights Out,2016,6.3,IMDb Users,6623,5214,15911,33971,33087,15836,6677,3150,1625,1520
The Ritual,2017,6.3,IMDb Users,2884,3356,11774,25933,24725,11635,4703,2094,1124,1435
The Bar,2017,6.3,IMDb Users,822,874,3300,7458,6861,3189,1347,645,356,476
Hotel Transylvania 3: Summer Vacation,2018,6.3,IMDb Users,5102,2710,7593,16536,18477,8633,3274,1551,807,1086
Resident Evil: Extinction,2007,6.2,IMDb Users,15928,8606,22485,46177,48360,24224,11156,5792,3121,4406
The Prophecy,1995,6.5,IMDb Users,2454,2010,4745,8230,6751,3323,1444,746,403,493
Mother!,2017,6.6,IMDb Users,20946,22946,40057,40285,26792,16645,9933,7483,6417,18034
Apostle,2018,6.3,IMDb Users,1598,1893,6530,13220,12661,6550,2985,1557,984,1283
Vacancy,2007,6.2,IMDb Users,5277,3756,11447,25101,27282,13680,5747,2787,1514,1704
Land of the Dead,2005,6.2,IMDb Users,6354,3915,11324,23292,23942,12998,6046,3012,1795,2389
Rogue,2007,6.2,IMDb Users,1710,1057,3544,7784,7914,3872,1640,798,434,751
The Strangers,2008,6.2,IMDb Users,9038,7080,17046,27947,26985,16073,8768,5173,3407,4812
Dead Silence,2007,6.2,IMDb Users,7558,4827,11809,20799,20987,12032,6087,3314,1878,2206
Saw III,2006,6.2,IMDb Users,16386,9373,22317,42079,47041,24000,11304,6196,3331,5591
The Shallows,2016,6.3,IMDb Users,5767,4748,15673,36755,34897,16063,6624,3360,1856,2038
Case 39,2009,6.2,IMDb Users,4151,3464,10068,21171,22715,11615,4926,2523,1358,1313
Saw VI,2009,6.0,IMDb Users,9180,4607,11094,21106,29236,16151,7101,3879,2215,3686
Victor Frankenstein,2015,6.0,IMDb Users,2402,1616,5140,12235,16977,9539,3992,1746,888,869
The Taking of Deborah Logan,2014,6.0,IMDb Users,1371,1085,3543,6773,7996,4586,2089,1067,570,693
The Rite,2011,6.0,IMDb Users,5232,3759,10299,20824,25984,15581,6989,3267,1616,1702
The Babysitter: Killer Queen,2020,5.8,IMDb Users,2265,1191,3156,6555,8925,5702,2963,1731,1046,1182
Resident Evil: Afterlife,2010,5.8,IMDb Users,14393,6643,15388,30135,40537,27792,14041,7907,4815,5861
The Addams Family,2019,5.8,IMDb Users,2164,1082,3114,6750,9578,6819,2925,1374,869,1107
Saw V,2008,5.8,IMDb Users,9778,4203,10366,20688,30987,22009,9904,5469,3071,4814
Pride and Prejudice and Zombies,2016,5.8,IMDb Users,3550,2139,5334,10908,13435,9022,4706,2409,1338,1764
The Purge: Election Year,2016,6.0,IMDb Users,4456,3017,9359,22580,28875,15225,6260,3071,1713,2530
Circle,2015,6.0,IMDb Users,1625,1840,5713,12110,13641,7960,3855,2063,1336,1605
Rubber,2010,5.8,IMDb Users,2758,1819,4303,6764,6752,4424,2738,1935,1670,2922
The Divide,2011,5.8,IMDb Users,2324,1745,4024,6738,7629,5452,3220,1897,1315,2081
Maggie,2015,5.6,IMDb Users,1993,1075,3302,7410,10757,9024,4611,2435,1420,1609
Ma,2019,5.6,IMDb Users,1493,950,3155,8759,14377,10999,5094,2547,1394,1671
Friday the 13th Part III,1982,5.7,IMDb Users,3872,1834,4321,8096,12206,10416,5263,2931,1348,1288
Curse of Chucky,2013,5.6,IMDb Users,3483,1158,2992,5859,8460,6835,3716,2271,1374,1646
Poltergeist II: The Other Side,1986,5.7,IMDb Users,1415,633,1971,4369,7144,5712,2805,1291,685,544
My Bloody Valentine,2009,5.4,IMDb Users,4000,1794,4114,8221,12077,10928,6085,3728,2286,2506
I Spit on Your Grave,1978,5.7,IMDb Users,2018,1070,2634,4730,6046,4346,2390,1427,1132,1862
A Nightmare on Elm Street 4: The Dream Master,1988,5.7,IMDb Users,3665,1427,3886,8452,13671,12314,5776,2527,1193,983
Resident Evil: Retribution,2012,5.4,IMDb Users,12390,4314,9632,18606,27720,27081,15452,9489,6111,7484
Maximum Overdrive,1986,5.5,IMDb Users,2411,1005,2373,4589,6541,5963,3717,2320,1444,1414
Piranha 3D,2010,5.4,IMDb Users,4703,2468,7013,14169,18595,15590,9719,6340,4329,5798
Countdown,2019,5.4,IMDb Users,1321,690,1991,5056,8005,6856,3649,2075,1210,1256
Teeth,2007,5.4,IMDb Users,2169,1288,3522,7022,9054,7384,4624,2966,2123,2942
Gretel & Hansel,2020,5.4,IMDb Users,1110,735,2133,4398,6076,5731,3340,1963,1240,1907
In the Tall Grass,2019,5.4,IMDb Users,1336,1002,3302,8530,13088,11107,6251,3469,2113,2324
Annabelle,2014,5.4,IMDb Users,7678,4027,10493,23136,37043,32076,17351,9481,5234,5599
The Mummy,2017,5.4,IMDb Users,6988,3775,11030,29092,46037,38426,20209,11549,6599,7336
The Haunted Mansion,2003,5.1,IMDb Users,2522,902,2505,5275,9443,11268,7525,4215,2172,1599
Turistas,2006,5.4,IMDb Users,1914,802,2379,5491,8733,8110,4307,2456,1526,2223
Hellraiser III: Hell on Earth,1992,5.5,IMDb Users,1797,755,2064,4331,6955,6772,3359,1862,892,861
A Nightmare on Elm Street 2: Freddy's Revenge,1985,5.5,IMDb Users,3638,1516,4149,9422,15643,15163,8427,4457,2545,1789
An American Haunting,2005,5.1,IMDb Users,1816,892,1531,2779,4150,4891,3289,2335,1576,2186
The Grudge 2,2006,5.1,IMDb Users,3090,1115,2685,5233,8636,10586,7005,4133,2589,3662
The Human Centipede (First Sequence),2009,4.4,IMDb Users,3507,1553,4068,7464,10619,12055,10108,8035,6559,12754
The Island of Dr. Moreau,1996,4.6,IMDb Users,1364,546,1320,2736,4668,6421,5975,4205,2750,2860
Ouija,2014,4.5,IMDb Users,2209,749,1872,4024,7662,11099,9555,6217,3899,3925
Aliens vs. Predator: Requiem,2007,4.6,IMDb Users,6395,2279,5632,11447,18852,24052,18810,12916,9277,11154
Black Christmas,2006,4.6,IMDb Users,2411,549,1302,2357,3653,4454,3936,2870,2145,2898
Psycho,1998,4.6,IMDb Users,1583,918,2357,4706,7664,9365,6954,4478,3366,6097
Paranormal Activity 4,2012,4.6,IMDb Users,3587,1108,2771,5683,9752,13027,11031,6978,4690,6302
Friday the 13th: A New Beginning,1985,4.8,IMDb Users,2261,666,1657,3491,5719,8244,6482,3927,2392,2267
Anacondas: The Hunt for the Blood Orchid,2004,4.7,IMDb Users,1506,448,1266,2855,4980,6588,5449,3510,2058,2191
I Still Know What You Did Last Summer,1998,4.7,IMDb Users,3261,1195,2851,6069,11283,16419,13648,8150,4962,4226
Paranormal Activity: The Ghost Dimension,2015,4.6,IMDb Users,1054,432,1185,2427,4300,5587,4554,2941,2024,2453
Leprechaun,1993,4.8,IMDb Users,1921,474,1241,2431,3989,5025,4253,2904,1832,1912
Halloween: The Curse of Michael Myers,1995,4.8,IMDb Users,2454,668,1660,3157,5714,7693,5802,3584,2206,2187
Anaconda,1997,4.8,IMDb Users,3644,1335,4037,10116,18035,22054,17613,11432,7224,6004
Manos: The Hands of Fate,1966,1.8,IMDb Users,6385,245,221,252,290,392,495,1051,2869,23669
Laxmii,2020,2.4,IMDb Users,8829,1485,592,594,654,923,894,1149,2270,38574
House of the Dead,2003,2.1,IMDb Users,1470,182,399,603,926,1492,2004,3327,6047,20473
Troll 2,1990,3.0,IMDb Users,3680,548,988,901,1012,1186,1398,2606,4262,15622
The Open House,2018,3.2,IMDb Users,600,204,514,1120,2009,3243,4400,4780,5136,11267
Jaws: The Revenge,1987,3.0,IMDb Users,1424,267,603,1216,2401,3980,5681,8260,8809,12083
Slender Man,2018,3.2,IMDb Users,1021,191,461,966,1991,3677,4967,5747,5600,7580
Alone in the Dark,2005,2.4,IMDb Users,1527,2601,567,841,1355,2477,3460,5271,7633,19481
Vampires Suck,2010,3.4,IMDb Users,3989,1103,1584,2402,3564,5034,5763,6364,6533,11913
The Wicker Man,2006,3.7,IMDb Users,2371,641,1695,3668,6123,8854,10193,10177,9062,13793
I Know Who Killed Me,2007,3.6,IMDb Users,1946,3325,824,1436,2024,2809,3084,3181,3318,7285
Jaws 3-D,1983,3.7,IMDb Users,1410,382,813,1785,3384,6031,8065,8747,6173,5854
Piranha 3DD,2012,3.7,IMDb Users,2049,424,1108,2083,3624,5887,6871,6730,5784,7087
Human Centipede 2: Tom Six Discusses the Story Concept,2011,3.8,IMDb Users,2312,897,1900,2801,3458,4121,4399,4223,4426,9183
Halloween: Resurrection,2002,4.0,IMDb Users,2285,523,1252,2528,4344,6825,8001,6129,4749,5237
The Fog,2005,3.7,IMDb Users,1512,336,834,1612,2938,5207,6177,6266,4774,6757
Rings,2017,4.5,IMDb Users,1461,487,1316,3139,6143,8873,7025,4841,3289,3130
BloodRayne,2005,2.9,IMDb Users,1913,318,666,1112,1842,2786,3424,4854,5622,12596
Plan 9 from Outer Space,1957,4.0,IMDb Users,4587,1005,1538,2059,2650,3724,4115,4306,4881,8957
Friday the 13th Part VIII: Jason Takes Manhattan,1989,4.6,IMDb Users,2411,736,1628,3129,4791,6855,6498,4579,3258,2802
Shark Night,2011,4.0,IMDb Users,1345,311,712,1497,2804,4357,4737,3898,2972,3035
Species II,1998,4.4,IMDb Users,911,281,850,1859,3720,6268,6174,4094,2502,2124
Book of Shadows: Blair Witch 2,2000,4.0,IMDb Users,1521,713,1746,2887,4176,5246,5594,5169,4598,5708
Prom Night,2008,3.9,IMDb Users,2339,553,1211,2105,3455,5177,5788,5053,4104,5632
One Missed Call,2008,4.0,IMDb Users,1629,450,1031,2016,3305,4910,5203,4410,3534,5416
Jason Goes to Hell: The Final Friday,1993,4.2,IMDb Users,1786,543,1184,2336,3548,5202,5724,4100,3314,3486
Cell,2016,4.4,IMDb Users,757,271,789,1758,3952,5740,5233,3627,2331,2757
Boogeyman,2005,4.2,IMDb Users,1276,404,1145,2041,3531,5404,5506,4538,3228,3731
Death Note,2017,4.4,IMDb Users,3004,1376,3653,7407,11424,11855,9815,8609,7272,17406
Jason X,2001,4.4,IMDb Users,3337,1015,2541,4911,7243,8952,8665,6627,5104,6119
The Devil Inside,2012,4.2,IMDb Users,1892,643,1547,2584,4169,5726,5362,4360,3707,5702
Seed of Chucky,2004,4.8,IMDb Users,3533,873,2172,4112,6783,8737,6858,4518,2754,3200
Pulse,2006,4.8,IMDb Users,1741,646,1492,2664,4390,5490,4456,3205,2255,2617
The Forest,2016,4.8,IMDb Users,1337,565,1636,3955,7985,10177,7458,4382,2303,1956
Halloween II,2009,4.8,IMDb Users,3862,1582,3371,5384,7758,8920,6867,4872,3797,6151
Godsend,2004,4.8,IMDb Users,615,278,853,2074,4835,6798,4781,2572,1361,1285
The Unborn,2009,4.8,IMDb Users,2331,883,2162,4746,8614,11473,8681,5350,3318,3225
The Woman in Black 2: Angel of Death,2014,4.8,IMDb Users,1151,440,1094,2646,5069,6764,4951,2681,1485,1369
Texas Chainsaw,2013,4.8,IMDb Users,3253,984,2330,4692,7925,9861,7015,4697,3285,4157
Meet the Blacks,2016,4.8,IMDb Users,12643,9765,3042,1159,1532,1753,1708,1521,1409,1725
Freddy's Dead: The Final Nightmare,1991,4.9,IMDb Users,2829,808,2053,4235,7410,10070,7539,4502,2818,2502
Fantasy Island,2020,4.9,IMDb Users,1459,692,2174,5273,9118,9636,6495,4211,2844,2854
Ghosts of Mars,2001,4.9,IMDb Users,2401,1002,2875,6006,9366,11098,8518,5447,3492,3255
Dracula 2000,2000,4.9,IMDb Users,1820,775,1831,3625,5834,7026,5263,3274,1944,1925
The Darkest Hour,2011,4.9,IMDb Users,2670,1053,2775,6368,11573,13113,9210,6121,3617,3701
Halloween III: Season of the Witch,1982,5.0,IMDb Users,3948,1621,3857,6234,7153,7142,5851,4812,3895,5699
Valentine,2001,4.9,IMDb Users,2758,574,1383,2609,4235,5317,4198,2793,1781,1696
Poltergeist,2015,4.9,IMDb Users,2311,783,2348,5589,10801,13561,8965,5509,3366,3865
The Haunting,1999,5.0,IMDb Users,2864,1526,3936,8266,13757,16335,11700,7299,4678,4389
Cursed,2005,5.0,IMDb Users,1837,646,1613,3614,5850,7078,4785,3068,1758,1851
The Happening,2008,5.0,IMDb Users,7784,4444,12250,26210,38105,37147,25797,18781,14295,17856
Virus,1999,5.0,IMDb Users,937,425,1334,3027,5221,6125,4538,2904,1676,1532
A Serbian Film,2010,5.0,IMDb Users,5449,2824,5818,8361,8609,7529,4975,3673,3179,11131
Vanishing on 7th Street,2010,4.9,IMDb Users,1113,475,1221,2584,4621,5787,4141,2423,1663,1829
Darkness Falls,2003,5.0,IMDb Users,1746,728,1900,3530,5580,6448,4566,2908,1959,1972
A Haunted House,2013,5.0,IMDb Users,4679,1509,3291,5680,7650,7874,5112,3717,2681,3567
Paranormal Activity: The Marked Ones,2014,5.0,IMDb Users,2176,948,2405,5063,7616,8680,5752,3508,2240,3381
Blair Witch,2016,5.0,IMDb Users,1340,807,2470,5465,8583,9273,6403,3971,2665,3164
Chernobyl Diaries,2012,5.0,IMDb Users,2909,1219,3352,7724,13172,14478,9760,5938,3451,3481
Silent Hill: Revelation,2012,5.0,IMDb Users,4787,1485,3484,6732,11223,12777,8511,5662,3711,3974
Halloween 5: The Revenge of Michael Myers,1989,5.1,IMDb Users,2593,750,1949,4182,7369,9770,6200,3382,1823,1526
[REC] 3: Genesis,2012,5.0,IMDb Users,1474,700,1853,3937,6499,7292,4874,3349,2109,2567
Child's Play 3,1991,5.1,IMDb Users,2810,766,1971,4401,7454,9494,5883,3356,1734,1514
A Nightmare on Elm Street 5: The Dream Child,1989,5.1,IMDb Users,2424,732,2006,4676,8587,11740,7113,3608,1796,1387
Exorcist: The Beginning,2004,5.1,IMDb Users,1502,670,1994,4448,7583,8420,5100,3097,1620,1878
When a Stranger Calls,2006,5.1,IMDb Users,3031,1145,2819,5502,8375,8942,5575,3760,2598,3426
Stay Alive,2006,5.1,IMDb Users,3179,983,2012,3733,5327,5589,4061,2681,1902,2320
See No Evil,2006,5.1,IMDb Users,2175,633,1479,3004,4995,5823,3531,2165,1403,1644
Spawn,1997,5.2,IMDb Users,4292,1623,4250,9160,13463,13242,8375,5310,3379,3681
Scooby-Doo 2: Monsters Unleashed,2004,5.2,IMDb Users,5035,1392,3177,6412,9680,11562,7417,4362,2706,2534
The Hills Have Eyes 2,2007,5.1,IMDb Users,3241,1212,3312,7496,13269,14620,8562,4960,2946,3362
A Nightmare on Elm Street,2010,5.2,IMDb Users,5566,2450,6314,12902,20135,20034,11728,7379,4729,6259
The Cave,2005,5.2,IMDb Users,1465,654,1912,4589,7961,9186,5461,3143,1685,1706
Doom,2005,5.2,IMDb Users,5924,2361,6804,15056,23959,23763,14715,8872,5137,5009
Sorority Row,2009,5.2,IMDb Users,2145,735,1846,3650,5763,6631,4020,2376,1431,1595
The Mummy: Tomb of the Dragon Emperor,2008,5.2,IMDb Users,6598,2696,7733,19536,35989,38552,20905,11598,6354,6633
The Final Destination,2009,5.2,IMDb Users,5352,2131,5622,12417,21005,23874,13986,7957,4750,5009
Flatliners,2017,5.2,IMDb Users,1584,812,2462,6233,11227,10545,5625,3216,1930,1865
The Lazarus Effect,2015,5.2,IMDb Users,1473,720,2053,5326,9696,10491,6285,3355,1644,1460
Shutter,2008,5.2,IMDb Users,1736,710,2073,4286,7064,7491,4501,2496,1502,1771
The Lords of Salem,2012,5.2,IMDb Users,1772,937,2366,3926,4813,4963,3677,2589,1837,2558
Hellboy,2019,5.2,IMDb Users,3771,1935,5204,11801,18211,17610,10699,6933,4169,5061
The Strangers: Prey at Night,2018,5.2,IMDb Users,1445,667,1939,3964,6024,6034,3716,2424,1593,1981
Apollo 18,2011,5.2,IMDb Users,2193,1180,3564,7923,11909,10959,6971,4493,2844,3092
Friday the 13th Part VII: The New Blood,1988,5.3,IMDb Users,2734,945,2298,4610,7015,7880,4766,2723,1402,1389
Truth or Dare,2018,5.2,IMDb Users,2508,1175,3374,7364,11562,10612,6477,3995,2666,2829
The First Purge,2018,5.2,IMDb Users,2366,1089,3199,7968,14041,13759,7364,4017,2501,4670
The Stepford Wives,2004,5.3,IMDb Users,2327,1253,3736,9000,15081,14885,8455,4678,2526,2650
Queen of the Damned,2002,5.3,IMDb Users,6110,2243,4343,6979,8837,9177,6625,4308,2807,3376
Things Heard & Seen,2021,5.3,IMDb Users,727,456,1492,3869,6546,6665,3895,2004,1110,1197
The Witches,2020,5.3,IMDb Users,1667,730,2110,4946,8158,7460,3904,2239,1449,2653
The Covenant,2006,5.3,IMDb Users,5680,1766,3578,6165,8413,8645,5570,3477,2354,2921
The Green Inferno,2013,5.3,IMDb Users,1914,1012,2868,6428,9543,8256,4883,3093,1878,2573
Legion,2010,5.3,IMDb Users,5214,2467,6657,13871,21911,22042,13117,7748,4758,5321
Spiral,2021,5.3,IMDb Users,2023,928,2671,5712,9287,8557,4942,3091,1889,2433
Jennifer's Body,2009,5.3,IMDb Users,7720,3747,9378,18071,25586,25630,16143,9301,5659,6676
Tusk,2014,5.3,IMDb Users,2610,1416,4171,8057,10078,8070,5027,3494,2632,4594
The Resident,2011,5.3,IMDb Users,1098,461,1455,3551,6897,6736,3606,1782,1026,898
The New Mutants,2020,5.3,IMDb Users,2904,1333,3973,10024,16171,14755,8402,4602,2848,4500
Sinister 2,2015,5.3,IMDb Users,2269,1227,3245,7141,12463,11948,6611,3754,1947,1732
Friend Request,2016,5.3,IMDb Users,1404,587,1705,3585,5692,5325,2979,1821,1152,1366
The Curse of La Llorona,2019,5.3,IMDb Users,1981,853,2722,6347,10840,10629,6127,3387,1871,1819
The Bad Batch,2016,5.3,IMDb Users,1140,737,2071,4356,6217,5825,3599,2239,1486,1972
The Silence,2019,5.3,IMDb Users,1227,732,2442,6131,10555,9330,5095,3080,1918,2056
The Ring Two,2005,5.4,IMDb Users,4763,2229,5847,13191,22707,21730,11529,5761,3323,3314
The Nun,2018,5.3,IMDb Users,7984,3487,8808,18626,28817,26956,15914,9724,5689,6342
The Lawnmower Man,1992,5.4,IMDb Users,1348,838,2417,5324,8328,7648,4392,2432,1418,1244
House of Wax,2005,5.4,IMDb Users,7870,3355,8799,17802,25968,23795,14678,8353,4928,5427
Eight Legged Freaks,2002,5.4,IMDb Users,2225,1159,3875,9106,13195,11641,6881,3983,2034,2062
The Messengers,2007,5.4,IMDb Users,2316,820,2261,5372,9233,8972,4759,2662,1455,1535
Ghost Ship,2002,5.5,IMDb Users,4572,2654,7207,15964,23924,21153,11355,5920,3099,2519
Bride of Chucky,1998,5.5,IMDb Users,4625,1767,4391,8061,11412,11372,6667,3738,2208,2260
The Eye,2008,5.4,IMDb Users,2840,1224,3260,7521,12601,11800,6291,3360,1874,2171
White Noise,2005,5.5,IMDb Users,1779,1033,3110,7551,12224,10731,5590,3112,1716,1658
Dreamcatcher,2003,5.5,IMDb Users,4255,2863,7576,15484,20072,16558,9913,6203,3716,4542
All the Boys Love Mandy Lane,2006,5.5,IMDb Users,1519,827,2390,5365,7796,6305,3535,1935,1195,1526
Friday the 13th,2009,5.5,IMDb Users,7225,3334,8230,16304,23804,19441,10697,6442,3849,4625
Red Riding Hood,2011,5.5,IMDb Users,7435,3849,8733,16718,24160,21499,12383,7027,4226,4535
Hostel: Part II,2007,5.5,IMDb Users,5078,2665,6893,13754,19509,17099,9113,5304,3484,5592
The Omen,2006,5.5,IMDb Users,3039,1535,4082,9108,14714,11948,6139,3273,1805,2699
The Last Days on Mars,2013,5.5,IMDb Users,1048,642,2075,5904,10110,8529,4170,1991,1017,1106
Winchester,2018,5.5,IMDb Users,1347,727,2278,5285,8085,7266,3760,2078,1190,958
The Cloverfield Paradox,2018,5.5,IMDb Users,3106,2239,7284,17893,25855,19589,11066,6489,3986,3684
The Dead Don't Die,2019,5.5,IMDb Users,2328,1827,5549,11755,15785,13923,7946,5016,3574,4603
The Innkeepers,2011,5.5,IMDb Users,1380,1076,3094,5507,6752,5957,3874,2480,1811,2142
Peninsula,2020,5.5,IMDb Users,1410,665,1792,4547,7338,6194,3200,1892,1009,1250
Resident Evil: The Final Chapter,2016,5.5,IMDb Users,6408,2722,6817,14419,21145,16587,8431,5076,3472,4664
Vampire Academy,2014,5.5,IMDb Users,8059,2570,4757,7584,9400,7837,4952,3172,2242,3049
Children of the Corn,1984,5.6,IMDb Users,2649,1296,3694,8517,13075,10453,5522,2799,1478,1281
Scream 3,2000,5.6,IMDb Users,8180,3459,9160,20101,33066,30023,13976,6646,3300,3408
Village of the Damned,1995,5.6,IMDb Users,1371,653,1966,5155,8528,7056,3234,1552,711,733
Urban Legend,1998,5.6,IMDb Users,3459,1696,4634,10075,16124,14022,7155,3578,1952,1715
Unfriended,2014,5.5,IMDb Users,3388,1923,5906,12794,17159,12566,6926,4443,3372,4732
Thir13en Ghosts,2001,5.6,IMDb Users,4749,2856,7438,14353,19510,15919,8953,5345,3049,2883
House on Haunted Hill,1999,5.6,IMDb Users,3305,1851,4775,9390,12620,10664,5956,3406,2031,1802
Jeepers Creepers 2,2003,5.6,IMDb Users,3949,1797,4798,9985,14956,12436,6693,3711,2096,2125
The Texas Chainsaw Massacre 2,1986,5.6,IMDb Users,2722,1342,3087,4691,5668,4907,3165,2047,1477,1634
Creep,2004,5.6,IMDb Users,1307,753,2359,5255,7169,5358,3001,1765,1111,1265
Dark Water,2005,5.6,IMDb Users,2754,2425,5750,9756,15196,13115,6077,2949,1612,1884
The Meg,2018,5.6,IMDb Users,7391,3875,11882,29617,44049,31698,15984,8493,4718,4804
Cube²: Hypercube,2002,5.6,IMDb Users,2430,1809,5058,10899,16843,13299,7152,4043,2353,2077
Cabin Fever,2002,5.6,IMDb Users,4344,2579,6880,13332,16666,12639,7199,4562,3347,4983
Saw: The Final Chapter,2010,5.6,IMDb Users,8612,3580,7926,14565,20826,16872,9008,5492,3874,5124
Final Destination 5,2011,5.8,IMDb Users,7986,3743,9832,20641,29523,20766,9302,4640,2620,3197
Halloween Kills,2021,5.6,IMDb Users,5770,2386,5824,9488,11431,9033,5683,3760,2464,3851
Alien vs. Predator,2004,5.6,IMDb Users,9653,5195,15376,34275,47534,35656,19128,11119,6550,7653
The Reaping,2007,5.6,IMDb Users,2208,1226,3542,7318,10867,8487,4245,2310,1307,1394
The Ward,2010,5.6,IMDb Users,2041,1030,3015,6918,10799,8474,4600,2330,1238,1404
Diary of the Dead,2007,5.6,IMDb Users,3005,1680,4162,8104,10385,7858,4694,2897,1919,2356
Don't Be Afraid of the Dark,2010,5.6,IMDb Users,2177,1301,3662,7806,11653,9711,5304,2833,1798,1873
House at the End of the Street,2012,5.6,IMDb Users,4123,1958,5556,12592,19769,15814,7773,3969,2145,2030
Buffy the Vampire Slayer,1992,5.7,IMDb Users,2857,1292,3447,7109,10228,8591,4699,2591,1373,1348
Lake Placid,1999,5.7,IMDb Users,2934,1854,5050,10627,14363,11280,6243,3378,1768,1548
I Know What You Did Last Summer,1997,5.7,IMDb Users,7247,3704,10204,24782,38730,29901,13556,6209,3440,3470
Freddy vs. Jason,2003,5.7,IMDb Users,10320,4636,11337,19994,25370,19324,10902,6368,3834,4039
Open Water,2003,5.7,IMDb Users,1963,1721,5113,10411,12237,8019,4256,2746,2052,4361
Club Dread,2004,5.7,IMDb Users,2390,1103,2817,5004,6260,4963,2849,1686,1014,1268
Hatchet,2006,5.7,IMDb Users,2365,1198,3054,5198,6358,4851,2746,1799,1288,1611
Priest,2011,5.7,IMDb Users,6802,4011,10395,21727,30472,22078,11129,5743,3018,2997
Pet Sematary,2019,5.7,IMDb Users,2875,1862,6576,16246,24881,18439,8961,4353,2315,2744
I Spit on Your Grave 2,2013,5.7,IMDb Users,2258,970,2351,4795,7209,5304,2528,1357,883,1238
Splice,2009,5.7,IMDb Users,2986,2609,8368,19090,24558,16977,9174,4929,3038,4295
Cooties,2014,5.7,IMDb Users,1036,591,2011,4534,6806,4934,2486,1201,671,962
The Rental,2020,5.7,IMDb Users,612,460,1791,4793,7260,5149,2397,1258,766,967
The Bay,2012,5.7,IMDb Users,1079,776,2476,5000,6552,4801,2550,1537,962,1206
Would You Rather,2012,5.7,IMDb Users,1845,1211,3419,7560,10442,7298,3736,2088,1298,1296
Paranormal Activity 2,2010,5.7,IMDb Users,5263,3629,9170,18014,24614,18139,9114,5067,3463,5555
Regression,2015,5.7,IMDb Users,1178,772,2572,7159,11503,8310,3828,1794,817,939
Honeymoon,2014,5.7,IMDb Users,818,593,2075,4769,6280,4680,2546,1388,892,1183
47 Meters Down,2017,5.7,IMDb Users,2066,1241,3846,9206,14573,10668,5133,2612,1511,1787
Velvet Buzzsaw,2019,5.7,IMDb Users,1354,1178,4284,10870,15999,11813,6252,3248,1696,1689
Insidious: The Last Key,2018,5.7,IMDb Users,3023,1532,4190,9873,15890,11903,5452,2670,1353,1506
Child's Play,2019,5.7,IMDb Users,2236,1274,4260,9865,12640,8720,4436,2510,1537,2036
The Last Exorcism,2010,5.7,IMDb Users,2052,1494,4301,8892,11717,8962,4787,2785,1815,2552
Thinner,1996,5.8,IMDb Users,1463,701,2287,5436,8182,6039,2843,1397,792,689
Halloween 4: The Return of Michael Myers,1988,5.8,IMDb Users,4292,1652,4681,8666,12836,9174,4369,2056,901,1019
Jaws 2,1978,5.8,IMDb Users,2872,1722,5540,13468,22544,16509,7132,3294,1537,1291
Species,1995,5.8,IMDb Users,2355,1481,5377,15259,24079,16259,7195,3357,1611,1483
End of Days,1999,5.8,IMDb Users,4509,2765,8786,20262,29541,21569,10366,5266,2784,2793
Cannibal Holocaust,1980,5.8,IMDb Users,5209,3246,6866,9491,9486,6415,3701,2493,1996,4816
Halloween H20: 20 Years Later,1998,5.8,IMDb Users,5146,2465,6471,12706,17398,13926,6769,3239,1834,1950
Hollow Man,2000,5.8,IMDb Users,3603,2425,9089,25114,38058,26180,12196,6025,3001,2587
The Relic,1997,5.8,IMDb Users,1361,716,2349,4961,6795,5039,2611,1382,751,708
Final Destination 3,2006,5.8,IMDb Users,8812,4178,11002,24247,38513,27012,11851,5671,2765,3027
The Boy,2016,6.0,IMDb Users,3612,2715,8720,19833,25021,14109,6397,3244,1548,1644
Gothika,2003,5.8,IMDb Users,4318,3448,10328,22105,29945,20713,10076,5108,2620,2295
Blade: Trinity,2004,5.8,IMDb Users,9315,5342,14571,33147,48060,31829,14577,7568,3803,3928
Black Sheep,2006,5.8,IMDb Users,2174,1482,4062,8112,9523,6256,3439,2066,1307,1794
Cry Wolf,2005,5.8,IMDb Users,2384,1122,2662,4989,6244,4390,2267,1219,753,918
V/H/S/2,2013,6.0,IMDb Users,2324,1780,4847,8253,8942,5284,2823,1677,1101,1499
Army of the Dead,2021,5.8,IMDb Users,9952,5080,14092,29027,35863,25098,13707,8844,5848,8995
The Texas Chainsaw Massacre: The Beginning,2006,5.8,IMDb Users,5289,2697,6691,12798,17796,11889,5498,3159,2000,2575
The Wolfman,2010,5.8,IMDb Users,4590,2961,8849,20647,29080,20092,9681,4670,2406,2387
The Descent: Part 2,2009,5.8,IMDb Users,2339,1281,3698,8552,12732,8716,4209,2173,1269,1253
Old,2021,5.8,IMDb Users,3059,2102,6875,14893,17788,11809,6279,4022,2761,3660
The Purge,2013,5.8,IMDb Users,8629,5831,17652,41462,58124,40002,19791,10691,6015,7105
Morgan,2016,5.8,IMDb Users,1199,892,3236,8632,12630,8308,3558,1647,765,943
Paranormal Activity 3,2011,5.8,IMDb Users,5861,3768,9687,17356,21640,14985,7685,4418,2808,5024
High Life,2018,5.8,IMDb Users,1163,1499,3907,6335,6778,5034,2890,1905,1434,1881
Underworld: Blood Wars,2016,5.8,IMDb Users,5715,2493,6222,13695,19531,13435,6095,3196,1684,1638
V/H/S,2012,5.8,IMDb Users,3219,2441,6790,11945,13561,9124,5052,3079,2121,2999
"Salò, or the 120 Days of Sodom",1975,5.9,IMDb Users,6607,4273,7672,9486,8780,6191,3766,2797,2318,5875
King Kong,1976,5.9,IMDb Users,1675,920,2747,6309,8744,5680,2747,1414,718,799
Jigsaw,2017,5.8,IMDb Users,4616,2335,6325,14118,20030,13610,6901,3766,1946,2010
Escape Room: Tournament of Champions,2021,5.8,IMDb Users,1569,925,2416,5669,8487,5656,2475,1172,652,805
Eli,2019,5.8,IMDb Users,1219,912,2815,6353,8819,6065,3026,1699,976,1199
Vivarium,2019,5.8,IMDb Users,1652,1579,4904,10430,11980,7818,4046,2309,1680,3383
Dracula: Dead and Loving It,1995,5.9,IMDb Users,3851,1797,4042,7094,8903,6923,3775,2159,1176,1056
Child's Play 2,1990,5.9,IMDb Users,4140,1813,4485,8522,12345,9553,4292,2049,1093,1061
Underwater,2020,5.8,IMDb Users,2839,1860,6411,15708,20944,13837,6080,3078,1754,1932
The Possession,2012,5.9,IMDb Users,3669,2090,5590,11612,16129,10563,4783,2206,1201,1354
The Grudge,2004,5.9,IMDb Users,8661,5697,14098,27079,35159,24281,12122,6467,3860,5114
P2,2007,5.9,IMDb Users,1941,1087,3048,6691,9064,5786,2639,1445,764,918
The X Files: I Want to Believe,2008,5.9,IMDb Users,6683,2892,7977,17811,24165,15676,7244,3509,1991,2543
The Brothers Grimm,2005,5.9,IMDb Users,5254,3519,10729,25091,33739,21733,9471,4609,2435,2681
Hostel,2005,5.9,IMDb Users,9906,7180,19017,35414,40016,25874,13311,8372,5799,10863
Saw IV,2007,5.9,IMDb Users,12657,5979,13817,26613,37061,24172,11666,6196,3335,5317
The Haunting in Connecticut,2009,5.9,IMDb Users,4000,2496,6265,11901,15592,10606,4907,2560,1389,1524
Abraham Lincoln: Vampire Hunter,2012,5.9,IMDb Users,9696,6280,16901,32437,36820,23512,12128,6568,4102,4885
Carrie,2013,5.9,IMDb Users,8711,5045,12502,26639,36233,23938,11589,5730,3148,3998
The Ruins,2008,5.9,IMDb Users,3702,2448,7262,15230,18750,12421,6324,3425,1963,2216
The Tall Man,2012,5.9,IMDb Users,2268,1644,4432,8336,10022,6490,3138,1697,1025,1279
The Mortal Instruments: City of Bones,2013,5.9,IMDb Users,19274,7706,13749,21743,25362,18257,10169,6056,3615,4994
The Prodigy,2019,5.9,IMDb Users,1031,698,2232,5289,7295,4782,2020,917,524,693
Wolf Creek,2005,6.2,IMDb Users,4134,3600,9653,17441,16490,8978,4229,2322,1520,2462
Candyman,2021,5.9,IMDb Users,2426,1741,5111,9284,9815,6230,3230,1951,1440,3575
Quarantine,2008,5.9,IMDb Users,4238,3067,8197,15373,17331,10267,5176,3011,2065,3687
Friday the 13th: The Final Chapter,1984,6.0,IMDb Users,4625,2287,5528,8925,12030,8216,4064,1930,1038,1218
Annabelle Comes Home,2019,5.9,IMDb Users,3735,2084,6382,14028,18812,12139,5487,2938,1607,2064
Mimic,1997,6.0,IMDb Users,1831,1165,4147,10485,14645,9083,3862,1777,923,917
The Void,2016,5.9,IMDb Users,1461,1333,3983,7111,7901,5471,2983,1758,1034,1196
The Last House on the Left,1972,6.0,IMDb Users,2493,1674,4144,7082,7859,4959,3014,1963,1279,1745
Hide and Seek,2005,6.0,IMDb Users,4436,3191,8587,17503,22297,14853,6691,3225,1679,1658
Cam,2018,5.9,IMDb Users,752,752,2699,6676,8236,5163,2588,1333,833,1001
Friday the 13th Part VI: Jason Lives,1986,6.0,IMDb Users,4346,1981,4756,7669,9958,6810,3538,1769,975,1154
The Amityville Horror,2005,6.0,IMDb Users,6204,3944,12094,23649,29738,17849,7987,3943,2130,2379
The Midnight Meat Train,2008,6.0,IMDb Users,3566,2697,7666,14259,14896,8804,4678,2626,1766,2261
The Fourth Kind,2009,5.9,IMDb Users,5877,3977,9285,14955,15774,10999,6354,3799,2397,3063
Unfriended: Dark Web,2018,6.0,IMDb Users,1633,1296,3678,6890,7487,4381,2095,1238,827,1332
Captive State,2019,6.0,IMDb Users,9953,9897,5069,7884,8611,5409,2611,1432,941,1294
Cujo,1983,6.1,IMDb Users,2261,1245,4419,9283,12450,7361,3369,1786,832,796
Friday the 13th Part 2,1981,6.1,IMDb Users,5054,2843,6908,13238,17804,10240,4432,2154,1194,1218
Critters,1986,6.1,IMDb Users,1985,992,3448,7244,9952,5739,2682,1316,606,602
Wrong Turn,2003,6.1,IMDb Users,8794,4832,12813,25325,30443,16676,7862,4345,2369,2611
Firestarter,1984,6.1,IMDb Users,1721,921,2966,6674,9593,5586,2143,890,407,419
Halloween,2007,6.1,IMDb Users,11069,6592,15489,23491,23304,13384,7584,4834,3578,7281
Solomon Kane,2009,6.1,IMDb Users,3821,2620,7729,16628,19498,11681,5191,2370,1276,1415
Bug,2006,6.1,IMDb Users,2317,2146,4936,6754,6412,3999,2366,1610,1353,2663
Vampires,1998,6.1,IMDb Users,3205,2199,6611,13244,14552,8328,3963,2124,1205,1373
Deep Rising,1998,6.1,IMDb Users,2555,1554,4198,7789,8557,5229,2785,1498,845,951
House of 1000 Corpses,2003,6.1,IMDb Users,8981,5489,10953,15718,15241,9258,5421,3725,2904,5298
Mirrors,2008,6.1,IMDb Users,5841,4351,12624,25780,27447,14880,6985,3467,1971,2082
Splinter,2008,6.1,IMDb Users,1629,1288,4121,8731,9888,5187,2475,1278,711,779
6 Souls,2010,6.1,IMDb Users,1920,1447,3825,7677,9097,4997,2412,1133,644,881
The Belko Experiment,2016,6.1,IMDb Users,1839,1556,5092,12301,14211,7418,3170,1420,741,929
Hansel & Gretel: Witch Hunters,2013,6.1,IMDb Users,14624,8722,23381,46482,51120,28465,13532,7084,4092,4173
Hobo with a Shotgun,2011,6.1,IMDb Users,3868,2614,6374,9727,8798,5212,3041,2051,1590,2165
Grave Encounters,2011,6.1,IMDb Users,4272,3063,7432,12381,12478,7320,3833,2156,1314,1733
Maniac,2012,6.1,IMDb Users,1798,1770,5043,8157,8267,4995,2752,1572,1073,1298
The Lodge,2019,6.1,IMDb Users,1277,1493,4986,9701,10311,5885,2972,1605,1039,1710
The Collection,2012,6.1,IMDb Users,3999,2281,5656,10538,11901,6550,3253,1781,1027,1234
Don't Breathe 2,2021,6.1,IMDb Users,2554,1306,3677,8678,10938,5557,2322,1091,530,757
Insidious: Chapter 3,2015,6.1,IMDb Users,6457,3805,10506,23053,27921,15658,6521,3147,1566,1932
House,1985,6.2,IMDb Users,1890,991,3061,5936,6755,3628,1650,847,461,483
The Toxic Avenger,1984,6.2,IMDb Users,2889,1455,3727,5445,5631,3523,2028,1358,786,975
Blood Red Sky,2021,6.1,IMDb Users,1888,1469,4654,10077,10710,6024,2913,1487,898,1326
The Amityville Horror,1979,6.2,IMDb Users,2467,1612,4492,8922,9975,5437,2585,1300,657,719
Brightburn,2019,6.1,IMDb Users,3627,3131,10437,22673,24049,13380,6423,3092,1814,2397
Scream 2,1997,6.2,IMDb Users,11470,7599,18921,37715,47737,24441,10165,4538,2643,3175
Alien: Resurrection,1997,6.2,IMDb Users,11480,9656,28392,60256,63695,32499,16125,8019,4475,5078
Idle Hands,1999,6.2,IMDb Users,3896,2057,5480,9457,9651,5453,2626,1572,956,1145
Wolf,1994,6.2,IMDb Users,2522,1874,6425,13772,15976,8222,3460,1452,647,691
Jeepers Creepers,2001,6.2,IMDb Users,8656,5583,14773,26992,28733,16569,8149,4774,2808,4017
Stigmata,1999,6.2,IMDb Users,3848,3574,9085,15920,16206,9188,4328,2237,1313,1414
Killer Klowns from Outer Space,1988,6.2,IMDb Users,4154,1809,4556,7376,7364,4498,2379,1478,1116,1335
Resident Evil: Apocalypse,2004,6.2,IMDb Users,15760,8524,22326,44170,49592,25630,12117,6686,3962,4756
Crawl,2019,6.1,IMDb Users,3166,2523,8823,20444,21858,11269,5139,2678,1576,1779
The Thing,2011,6.2,IMDb Users,6444,5409,16242,33314,33019,17238,7730,3857,2224,2831
The Texas Chainsaw Massacre,2003,6.2,IMDb Users,9937,6552,17020,32039,33414,17926,8682,4478,2820,3811
Mama,2013,6.2,IMDb Users,10285,7843,21570,43347,45432,24604,11179,5426,2878,3381
Dark Shadows,2012,6.2,IMDb Users,16470,10382,29536,63018,68018,37152,16850,7858,3970,4448
Red State,2011,6.2,IMDb Users,4169,3580,9232,14623,13483,7975,4321,2413,1588,2353
The Neon Demon,2016,6.2,IMDb Users,4954,6022,14222,19435,16805,11139,6651,4249,2978,4394
Krampus,2015,6.2,IMDb Users,3800,2833,8432,16518,17185,9651,4715,2394,1414,1747
Frontier(s),2007,6.2,IMDb Users,1842,1514,3698,6201,5800,3115,1631,965,613,906
Final Destination 2,2003,6.2,IMDb Users,9236,6113,17525,39372,46998,22849,9423,4306,2251,2444
Devil,2010,6.2,IMDb Users,6637,5906,18017,37948,36279,18640,8533,4155,2378,2665
Open Grave,2013,6.2,IMDb Users,1556,1185,3862,7787,7421,3962,1735,894,475,547
Scream 4,2011,6.2,IMDb Users,12917,6804,16448,29141,31618,18472,9117,4645,2793,4045
Deliver Us from Evil,2014,6.2,IMDb Users,4189,3244,9447,19219,19287,10102,4722,2261,1167,1303
Scary Stories to Tell in the Dark,2019,6.2,IMDb Users,2603,2257,7689,18464,20778,10449,4204,2018,964,1171
Before I Wake,2016,6.2,IMDb Users,2212,1752,5245,11062,12757,6287,2550,1169,533,720
"As Above, So Below",2014,6.2,IMDb Users,5619,4539,12463,21504,20175,10993,5599,2914,1616,1742
Ouija: Origin of Evil,2016,6.2,IMDb Users,2352,1892,6549,15076,16878,8966,3825,1875,1034,1282
Color Out of Space,2019,6.2,IMDb Users,1693,1946,5973,10563,9461,5443,3011,1769,1167,1724
Colossal,2016,6.2,IMDb Users,1911,2365,8072,16551,15818,8702,3977,2259,1279,1874
1922,2017,6.2,IMDb Users,1703,1553,6781,17078,17396,8362,3293,1508,759,852
Sleepaway Camp,1983,6.3,IMDb Users,3065,1555,3998,6750,6700,3775,1862,1172,827,960
The Hills Have Eyes,1977,6.3,IMDb Users,1928,1438,4343,8715,8593,4132,1962,986,541,726
Verónica,2017,6.2,IMDb Users,1629,1261,4555,10282,10762,5552,2528,1242,640,878
Fear Street: Part One - 1994,2021,6.2,IMDb Users,4871,2859,8450,17784,18034,8236,3832,2091,1357,2294
The Perfection,2018,6.2,IMDb Users,1731,1781,5286,10138,9738,5032,2626,1529,992,1501
Dracula Untold,2014,6.3,IMDb Users,15628,9605,24306,45719,43091,21941,9843,4816,2776,10713
Predator 2,1990,6.3,IMDb Users,9583,6468,18993,38636,42103,21983,9337,4149,2260,1905
Feast,2005,6.3,IMDb Users,2524,1864,4636,7375,6366,3591,1850,1075,739,1085
Synchronic,2019,6.2,IMDb Users,966,876,2899,6828,7324,3601,1565,742,381,636
The Uninvited,2009,6.3,IMDb Users,5915,4290,10990,20507,19098,9604,4170,1910,1058,1377
Happy Death Day 2U,2019,6.2,IMDb Users,3440,2492,7687,17589,19327,9607,4088,1859,1088,1187
It Comes at Night,2017,6.2,IMDb Users,2320,4023,13008,20938,19504,11873,6426,3736,2690,5376
#Alive,2020,6.3,IMDb Users,1622,1061,3887,9699,9931,4313,1645,828,419,620
Damien: Omen II,1978,6.3,IMDb Users,1704,1171,3609,8037,9108,4429,1724,724,365,392
Goosebumps,2015,6.3,IMDb Users,5238,3160,10353,23741,24604,11069,4067,1707,810,1080
Paranormal Activity,2007,6.3,IMDb Users,16470,16010,35075,53913,43529,24246,13549,8955,6842,12366
Dead Snow,2009,6.3,IMDb Users,3885,3444,9622,17179,15129,7938,3869,2131,1337,1570
I Spit on Your Grave,2010,6.3,IMDb Users,6365,4112,10831,20194,18962,9512,4596,2546,1666,2480
The Visit,2015,6.3,IMDb Users,5763,5751,17727,33361,28790,14391,7273,4309,2982,3916
Malignant,2021,6.3,IMDb Users,5267,3612,9760,15174,12329,7248,4350,2885,2035,2993
Scouts Guide to the Zombie Apocalypse,2015,6.3,IMDb Users,2935,2065,6419,13691,12712,5952,2606,1304,613,801
Dark Skies,2013,6.3,IMDb Users,4581,3597,9814,19663,18996,9416,4000,1829,966,1124
The Conjuring: The Devil Made Me Do It,2021,6.3,IMDb Users,8619,4112,11662,24833,25152,12178,4896,2287,1145,1599
Friday the 13th,1980,6.4,IMDb Users,10764,6840,17988,34601,31670,15582,7090,3852,2002,2106
Silver Bullet,1985,6.4,IMDb Users,2224,1237,3400,6702,6731,3487,1379,557,313,282
Arachnophobia,1990,6.4,IMDb Users,2845,2618,9323,19702,18540,8433,3327,1484,742,796
The People Under the Stairs,1991,6.4,IMDb Users,2641,1874,4908,8399,7774,4035,1884,1032,582,692
The Blob,1958,6.4,IMDb Users,1634,1041,3159,6663,7020,3300,1363,581,311,297
Gremlins 2: The New Batch,1990,6.4,IMDb Users,5959,4627,12700,25094,26950,13325,5770,2621,1336,1229
Mary Shelley's Frankenstein,1994,6.4,IMDb Users,2819,2589,7539,14345,13557,6764,3098,1372,841,947
Screamers,1995,6.4,IMDb Users,1746,1265,3681,6923,6502,3292,1487,728,399,463
Haunt,2019,6.3,IMDb Users,1216,1096,3185,7081,7127,3417,1412,683,352,440
Session 9,2001,6.4,IMDb Users,4540,4416,9163,13232,11415,6286,3493,1982,1192,1585
The Cell,2000,6.4,IMDb Users,6047,6191,15519,24680,21754,12274,6022,3279,2040,2588
The Mothman Prophecies,2002,6.4,IMDb Users,4289,4537,12019,21966,18992,9226,3964,1736,1010,1216
Mindhunters,2004,6.4,IMDb Users,3556,3136,8967,16297,14039,6891,3348,1676,909,1005
13 Sins,2014,6.3,IMDb Users,1692,1403,4355,9991,9997,4677,1783,785,387,477
Underworld: Awakening,2012,6.3,IMDb Users,14685,8074,19218,37858,36372,18271,8037,4010,2105,2499
The Craft,1996,6.4,IMDb Users,8389,5027,12137,20748,20848,11160,4993,2371,1088,1244
The Hills Have Eyes,2006,6.4,IMDb Users,11721,9053,23791,43055,37068,18735,8921,5208,3128,5182
Night Watch,2004,6.4,IMDb Users,4783,4191,9044,12761,9811,5315,2730,1756,1109,1905
Them,2006,6.4,IMDb Users,1710,1719,4606,8286,6816,3263,1533,888,511,743
The House of the Devil,2009,6.4,IMDb Users,2701,2865,7089,10789,8591,4834,2740,1501,1044,1478
Daybreakers,2009,6.4,IMDb Users,5673,5268,17266,38717,33425,14648,5822,2601,1327,1561
The Collector,2009,6.4,IMDb Users,4986,3720,9363,16179,13807,6833,3264,1927,1297,1508
Freaky,2020,6.4,IMDb Users,2381,1812,6299,13861,12956,5751,2194,1131,618,1123
Fright Night,2011,6.4,IMDb Users,6044,4550,13997,29219,26089,12327,5269,2544,1487,2139
Under the Skin,2013,6.4,IMDb Users,9760,12682,23524,27133,21944,14544,8827,6203,4808,8002
John Dies at the End,2012,6.4,IMDb Users,2818,2563,6159,9290,7464,4120,2155,1217,783,1016
The Voices,2014,6.4,IMDb Users,2801,2840,8581,15502,13117,6578,3004,1591,956,1410
Black Death,2010,6.4,IMDb Users,2076,2023,6486,13621,12369,5611,2324,1074,631,737
The Woman in Black,2012,6.4,IMDb Users,11279,10240,26663,48643,42845,21075,9204,4270,2353,2957
Alien: Covenant,2017,6.4,IMDb Users,12571,12397,39432,77088,63328,30318,14253,7851,4679,7088
Creep,2014,6.4,IMDb Users,2168,2589,7656,13979,11382,5388,2527,1467,1028,1397
The Purge: Anarchy,2014,6.4,IMDb Users,8279,6854,20925,44255,37531,16171,6571,3025,1567,2272
Tale of Tales,2015,6.4,IMDb Users,1472,1662,4607,7174,5649,3111,1538,911,619,1007
The Babysitter,2017,6.4,IMDb Users,4633,3743,11847,23717,20629,9856,4515,2531,1478,2022
A Cure for Wellness,2016,6.4,IMDb Users,4056,4532,13791,26129,22376,11198,5220,2446,1374,1807
Incident in a Ghostland,2018,6.4,IMDb Users,2052,1882,4942,7171,5639,2901,1486,747,541,839
Escape Room,2019,6.4,IMDb Users,5384,4775,14890,32659,29739,13058,4966,2267,1202,1338
Revenge,2017,6.4,IMDb Users,1831,2025,6631,10713,8670,4604,2322,1415,989,1747
Ghost Stories,2017,6.4,IMDb Users,1184,1422,5079,9928,8417,4002,1669,807,496,549
Dead End,2003,6.5,IMDb Users,2486,1932,4820,7474,5234,2591,1352,786,527,764
Silent Hill,2006,6.5,IMDb Users,22877,17024,39697,55044,41232,21073,10777,6058,3730,5457
The Skeleton Key,2005,6.5,IMDb Users,6691,6599,17871,32509,25751,12044,4929,2187,1110,1330
Psycho II,1983,6.5,IMDb Users,2159,1398,3942,7125,6123,2952,1323,601,373,378
Kill List,2011,6.4,IMDb Users,1787,2789,6846,9483,7644,4352,2395,1466,1030,1540
Halloween II,1981,6.5,IMDb Users,7832,5127,12140,22957,20582,9297,3746,1738,890,1165
The Blair Witch Project,1999,6.5,IMDb Users,22286,21403,42278,52992,39366,22936,13471,9571,7719,15531
The Last House on the Left,2009,6.5,IMDb Users,6254,5115,14315,26236,20154,9037,3826,1959,1191,1905
Severance,2006,6.5,IMDb Users,2190,2270,6271,11053,8406,3964,1737,955,550,737
Tideland,2005,6.5,IMDb Users,3350,3138,5716,7032,5265,3179,1878,1241,885,1214
The Crazies,2010,6.5,IMDb Users,6013,5729,17982,35915,28628,12771,5033,2288,1136,1361
Day Watch,2006,6.5,IMDb Users,3469,2686,5596,8101,6080,3322,1710,1087,716,1308
[Rec]²,2009,6.5,IMDb Users,4326,4241,10944,20491,16642,7558,3347,1656,1005,1282
Drag Me to Hell,2009,6.5,IMDb Users,14754,14973,35229,48967,34743,19191,10484,6513,4428,7002
Host,2020,6.5,IMDb Users,1395,1479,4552,7346,5201,2417,1112,639,476,757
Resident Evil: Degeneration,2008,6.5,IMDb Users,3064,1707,4433,8289,6672,3205,1466,756,448,652
Evil Dead,2013,6.5,IMDb Users,15485,12232,27023,39663,31191,17030,8840,5011,3218,5149
Unsane,2018,6.4,IMDb Users,1374,1632,6228,13535,11526,5069,2220,1105,686,1094
Oculus,2013,6.5,IMDb Users,7050,7256,20356,35417,27666,13288,5940,2934,1687,2334
Byzantium,2012,6.5,IMDb Users,2389,2490,7204,12431,9825,4479,1880,944,526,713
Stake Land,2010,6.5,IMDb Users,2246,2310,6868,12310,9359,4408,2054,987,547,819
Sightseers,2012,6.5,IMDb Users,942,1635,5076,8376,6170,2760,1297,680,452,683
Slither,2006,6.5,IMDb Users,5391,4614,12929,22170,16819,8288,3861,2215,1354,1911
Gerald's Game,2017,6.5,IMDb Users,3918,5263,17109,31036,23006,10474,4565,2409,1481,1962
The Awakening,2011,6.5,IMDb Users,2951,3247,10625,20240,16731,6981,2595,1054,474,645
Crimson Peak,2015,6.5,IMDb Users,7671,7616,21914,41590,34445,15405,6281,2940,1545,1883
Possessor,2020,6.5,IMDb Users,1164,1899,5435,7958,6102,3275,1565,832,589,951
Annabelle: Creation,2017,6.5,IMDb Users,8692,6743,19693,36567,29213,13104,5308,2685,1500,2028
The Hunt,2020,6.5,IMDb Users,5270,5336,15461,27172,20821,9612,3912,2195,1319,2781
The Night House,2020,6.5,IMDb Users,1290,1257,4185,8192,6600,2982,1221,612,353,634
His House,2020,6.5,IMDb Users,1530,1801,5943,10340,8691,4042,1699,908,457,806
Better Watch Out,2016,6.5,IMDb Users,1789,1788,5441,10879,8222,3357,1461,801,570,1108
The Howling,1981,6.6,IMDb Users,2431,1981,5542,9573,7799,3637,1551,678,358,474
A Nightmare on Elm Street 3: Dream Warriors,1987,6.6,IMDb Users,7929,4777,12197,20632,17438,8277,3149,1567,727,862
The Blob,1988,6.6,IMDb Users,2567,1929,5734,9517,8369,4089,1670,804,487,538
Child's Play,1988,6.6,IMDb Users,8697,5084,14864,27762,22605,9708,3904,1916,1037,1253
Flatliners,1990,6.6,IMDb Users,3603,4015,13083,26830,21667,8923,3352,1465,758,751
Pet Sematary,1989,6.6,IMDb Users,7136,5822,15485,28265,22886,10743,4867,2209,1219,1303
Death Becomes Her,1992,6.6,IMDb Users,9523,6654,16981,29563,26387,12724,5852,2901,1436,1239
The Endless,2017,6.5,IMDb Users,1584,2218,6889,11603,8460,4239,1928,971,583,821
What Lies Beneath,2000,6.6,IMDb Users,6581,7032,20270,37658,28883,12485,5039,2359,1133,1288
It Chapter Two,2019,6.5,IMDb Users,15359,14174,37341,64272,52740,26484,12425,6530,3785,5274
The Witches of Eastwick,1987,6.6,IMDb Users,3804,3407,10083,20068,16974,7348,2848,1229,681,727
Time Lapse,2014,6.5,IMDb Users,2113,2401,7038,13548,10529,4608,1910,930,470,726
Saw II,2005,6.6,IMDb Users,21759,15981,38375,69255,51914,23000,10254,5406,3218,5270
Mandy,2018,6.6,IMDb Users,6260,6812,14244,15729,10652,6251,3827,2711,2187,3739
Life,2017,6.6,IMDb Users,8975,10972,36656,70780,50440,21986,9140,4474,2649,3793
From Beyond,1986,6.7,IMDb Users,1856,1687,4572,7284,5107,2397,948,530,277,355
Happy Death Day,2017,6.6,IMDb Users,7414,6401,20503,42641,31643,12113,4853,2378,1351,1636
30 Days of Night,2007,6.6,IMDb Users,11673,11028,29137,49345,36763,17174,7880,4062,2263,2770
Return to Oz,1985,6.7,IMDb Users,3598,2149,4661,6197,4659,2289,1209,604,393,596
Fear Street: Part Three - 1666,2021,6.6,IMDb Users,3801,2599,7133,13693,9611,3677,1477,779,465,978
Candyman,1992,6.7,IMDb Users,6622,5855,15058,24095,18662,8374,3549,1720,947,1228
Phantasm,1979,6.7,IMDb Users,4112,2746,6146,8997,6406,3238,1622,1034,524,631
Prince of Darkness,1987,6.7,IMDb Users,3447,3201,7525,11292,8143,3928,1874,924,505,538
Christine,1983,6.7,IMDb Users,5843,4312,13430,24086,18036,7524,2913,1224,610,645
Resident Evil,2002,6.7,IMDb Users,23156,17062,43969,77641,51763,22908,10400,5712,3228,4217
Event Horizon,1997,6.7,IMDb Users,12286,13317,31901,46380,32551,15762,7995,4526,2499,3307
May,2002,6.6,IMDb Users,3585,3054,6413,8909,6596,3544,1563,964,613,914
Cronos,1993,6.7,IMDb Users,1463,1727,5206,9633,6345,2627,1015,482,246,311
Blade II,2002,6.7,IMDb Users,13791,11888,34319,66741,48482,19394,7377,3442,1873,2423
Final Destination,2000,6.7,IMDb Users,16174,13893,41251,79546,52002,21663,8995,4487,2399,2911
The Exorcism of Emily Rose,2005,6.7,IMDb Users,9624,8970,22953,36884,25562,11430,4737,2279,1291,1863
The Gift,2000,6.7,IMDb Users,3541,3626,11443,22316,16044,5843,2081,897,433,550
Dark Water,2002,6.7,IMDb Users,1912,2222,5805,9539,6629,2890,1255,589,353,432
The Eye,2002,6.7,IMDb Users,1904,2089,5195,8569,6028,2561,1116,543,294,455
Ju-on: The Grudge,2002,6.7,IMDb Users,3137,3058,7687,12709,8897,3975,1778,892,536,706
Inside,2007,6.7,IMDb Users,3993,4025,7726,9561,5777,3085,1774,1232,894,1555
Fido,2006,6.7,IMDb Users,2215,2204,5324,8676,5521,2374,1109,549,370,569
Zombieland: Double Tap,2019,6.7,IMDb Users,8269,8339,27945,55984,38894,14605,5202,2499,1344,1771
Pandorum,2009,6.7,IMDb Users,10216,11579,29151,44725,28234,12625,5562,2847,1547,1801
Suspiria,2018,6.7,IMDb Users,5683,7500,14354,16626,11113,5906,3247,2013,1431,2763
Rare Exports,2010,6.7,IMDb Users,1792,1986,5209,8328,5640,2550,1155,551,338,442
Los ojos de Julia,2010,6.7,IMDb Users,1969,2194,6016,10993,7876,2949,1211,568,299,471
Spring,2014,6.7,IMDb Users,1631,1935,5120,8197,5328,2428,1069,537,326,466
Summer of 84,2018,6.7,IMDb Users,2265,2220,6777,12300,8467,3440,1263,578,322,487
Saint Maud,2019,6.7,IMDb Users,1139,2116,5934,8033,5363,2581,1296,671,461,811
Goodnight Mommy,2014,6.7,IMDb Users,2219,3292,9847,14760,9651,4316,2043,1189,728,1201
Hotel Transylvania 2,2015,6.7,IMDb Users,9856,6885,18577,36912,27352,10764,3970,1631,792,1072
House on Haunted Hill,1959,6.8,IMDb Users,2247,1717,4712,8413,5452,2117,788,375,171,187
Turbo Kid,2015,6.7,IMDb Users,2349,2218,5212,7406,4854,2296,1251,671,427,853
Fear Street: Part Two - 1978,2021,6.7,IMDb Users,4537,3302,9595,18117,11338,3823,1405,668,396,847
The Brood,1979,6.8,IMDb Users,2061,2063,5600,8788,5602,2320,1011,467,242,368
Marrowbone,2017,6.7,IMDb Users,2020,1952,5334,9097,6280,2481,915,414,235,375
From Hell,2001,6.8,IMDb Users,9043,9721,28875,51264,31436,12163,4696,2119,1059,1321
eXistenZ,1999,6.8,IMDb Users,6205,8840,20657,27560,16941,7659,3953,2205,1498,2267
Ginger Snaps,2000,6.8,IMDb Users,4977,3851,8854,12375,7868,3655,1628,829,599,863
High Tension,2003,6.8,IMDb Users,6218,6420,14175,18848,11501,5564,2984,1707,1160,1964
1408,2007,6.8,IMDb Users,19601,20420,51931,80086,51143,22055,9381,4396,2408,2848
The Call,2013,6.7,IMDb Users,9068,8259,21324,37593,25059,9400,3598,1679,851,1205
Dog Soldiers,2002,6.8,IMDb Users,5650,5140,12193,16312,9477,4378,2120,1214,705,1114
Warm Bodies,2013,6.8,IMDb Users,22965,18037,45093,68512,39558,16324,6940,3594,2118,3389
Insidious,2010,6.8,IMDb Users,26543,25098,59439,85975,52374,23089,10278,5262,3140,4135
The Devil's Rejects,2005,6.8,IMDb Users,14072,9908,18514,22377,13358,7013,3800,2446,1862,4028
Stonehearst Asylum,2014,6.8,IMDb Users,3910,3954,10649,18217,11301,4145,1408,598,290,400
Sinister,2012,6.8,IMDb Users,16901,18972,47367,72128,45699,19457,7961,3836,2087,2866
Eden Lake,2008,6.8,IMDb Users,5300,6192,16673,24526,14113,6182,2923,1845,1306,2679
Trick 'r Treat,2007,6.8,IMDb Users,9753,7810,16727,22493,14898,7687,3881,2244,1401,2036
It Follows,2014,6.8,IMDb Users,13342,20129,48831,61838,37279,18450,9698,5783,4020,7245
The Autopsy of Jane Doe,2016,6.8,IMDb Users,5863,7059,20866,36446,23250,9060,3343,1605,756,942
The Babadook,2014,6.8,IMDb Users,13030,19215,43227,55185,37429,19334,9632,5429,3370,5411
Odd Thomas,2013,6.8,IMDb Users,5347,4477,10378,14703,8752,3838,1733,874,508,618
Shin Godzilla,2016,6.8,IMDb Users,2426,2541,5439,6868,4287,2074,1007,576,421,794
Housebound,2014,6.8,IMDb Users,2241,2461,6667,10285,6421,2716,1229,627,363,549
Us,2019,6.8,IMDb Users,16551,23300,56208,70198,44324,20997,10578,6673,4674,9986
Altered States,1980,6.9,IMDb Users,2399,2808,7185,9930,6347,2732,1208,659,337,470
Annihilation,2018,6.8,IMDb Users,15686,26415,64434,84765,55760,26067,12087,7017,4519,6182
Hocus Pocus,1993,6.9,IMDb Users,24886,9964,19289,25560,19636,9614,4408,2347,1261,1566
The House That Jack Built,2018,6.8,IMDb Users,5308,7019,14728,17063,10368,5528,2994,1687,1220,2414
Shadow of the Vampire,2000,6.9,IMDb Users,2485,3347,9007,12898,7244,3165,1405,688,448,601
Night of the Living Dead,1990,6.9,IMDb Users,4214,3164,7516,12340,7538,3301,1313,666,397,681
The Witches,1990,6.9,IMDb Users,4700,3240,8711,15306,9611,3661,1401,608,316,485
Creepshow,1982,6.9,IMDb Users,4839,3271,8454,13148,9003,3852,1510,772,411,539
28 Weeks Later,2007,6.9,IMDb Users,19650,21767,58106,88982,44967,17739,7596,3883,2363,3465
The Witch,2015,6.9,IMDb Users,18534,25925,51433,54599,33178,17676,9414,6071,4234,8160
Ready or Not,2019,6.9,IMDb Users,7697,8983,27153,45528,26156,9161,3529,1702,1007,1769
I See You,2019,6.8,IMDb Users,2438,3023,9163,15048,8707,3126,1314,604,378,580
Under the Shadow,2016,6.9,IMDb Users,1230,1989,5804,8220,4945,2162,908,451,287,568
Hellraiser,1987,7.0,IMDb Users,12121,10448,23962,33219,17996,8087,3800,1970,1284,1583
Creature from the Black Lagoon,1954,7.0,IMDb Users,2727,2133,5909,9293,5362,2233,770,342,173,196
Brotherhood of the Wolf,2001,7.0,IMDb Users,6672,7351,15308,17346,9237,4173,2104,1196,751,1022
Ravenous,1999,7.0,IMDb Users,4175,4046,8474,10701,5870,2555,1289,640,417,603
The Monster Squad,1987,7.0,IMDb Users,5070,2806,6133,8088,5067,2407,943,443,247,321
Frankenweenie,2012,6.9,IMDb Users,7800,7264,21424,35268,19151,7074,2629,1245,703,1230
Henry: Portrait of a Serial Killer,1986,7.0,IMDb Users,2931,3283,7717,9827,5756,2529,1103,641,409,544
Near Dark,1987,7.0,IMDb Users,3223,3349,8175,10760,6195,2758,1158,589,355,495
Stir of Echoes,1999,7.0,IMDb Users,4703,5787,17595,28981,13862,4957,1770,789,459,638
Ichi the Killer,2001,7.0,IMDb Users,6204,6198,12684,13731,7318,3565,1783,1114,774,1316
Constantine,2005,7.0,IMDb Users,32536,30827,71121,97119,52578,22479,9359,4659,2538,3228
The Mummy,1932,7.1,IMDb Users,2723,2299,5593,8027,4151,1649,670,292,116,194
Day of the Dead,1985,7.1,IMDb Users,8320,6789,14810,18799,9869,4338,1708,972,532,878
Bubba Ho-Tep,2002,7.0,IMDb Users,6507,5417,10761,11407,6674,3145,1494,880,481,756
The Thing from Another World,1951,7.1,IMDb Users,3289,2845,6607,8085,4462,2152,679,322,215,251
Climax,2018,7.0,IMDb Users,5768,8626,14722,13893,7600,4047,2215,1510,1184,2248
Fright Night,1985,7.1,IMDb Users,7381,5607,14764,20976,10665,4003,1588,786,400,638
Tremors,1990,7.1,IMDb Users,13053,11870,31601,41799,19649,7330,2875,1493,819,903
The Frighteners,1996,7.1,IMDb Users,7484,8012,21196,27308,12961,4822,1952,984,558,749
Little Shop of Horrors,1986,7.1,IMDb Users,8390,6935,15062,19661,11889,5294,2217,1147,630,888
Blade,1998,7.1,IMDb Users,21016,21364,61657,88552,40001,14887,5709,2998,1692,2438
The Ring,2002,7.1,IMDb Users,28083,32850,79688,103896,51921,20624,8474,4330,2672,3925
Thirst,2009,7.1,IMDb Users,2993,5193,11879,13160,6358,2720,1223,631,390,700
The Host,2006,7.1,IMDb Users,8322,11575,28950,34852,17003,7161,3337,1844,1189,1889
Shutter,2004,7.1,IMDb Users,4644,4480,10052,12342,6666,2835,1129,588,366,477
Hotel Transylvania,2012,7.1,IMDb Users,26660,21636,53953,76092,37625,14028,5123,2258,1196,1732
Pitch Black,2000,7.1,IMDb Users,19401,22103,56518,74292,35267,13739,5514,2820,1503,1989
The Invisible Man,2020,7.1,IMDb Users,11518,17829,51150,65245,30910,11872,4858,2706,1707,3112
Martyrs,2008,7.1,IMDb Users,11114,11892,20286,20188,10498,5472,3038,1986,1570,3229
Midsommar,2019,7.1,IMDb Users,21129,32954,66101,65336,33611,16622,8905,5988,4872,11161
The Mist,2007,7.1,IMDb Users,28195,34370,74212,76148,38718,17783,8836,5455,3913,6698
Bhoot Police,2021,7.1,IMDb Users,12757,4345,2158,1322,1146,706,387,273,244,1876
Don't Breathe,2016,7.1,IMDb Users,17164,22775,66262,85729,39829,13821,4960,2481,1441,2393
Let Me In,2010,7.1,IMDb Users,10842,12026,28846,34341,16653,6911,2905,1636,1082,2368
The Call,2020,7.1,IMDb Users,2427,2723,6772,8605,3804,1272,498,272,137,362
Bone Tomahawk,2015,7.1,IMDb Users,5319,8548,25072,31678,13894,5197,2134,1123,774,1166
Don't Look Now,1973,7.2,IMDb Users,6150,7225,12737,12874,7041,3384,1791,1072,637,856
The Fearless Vampire Killers,1967,7.2,IMDb Users,4247,3645,7005,7697,4107,1979,983,519,352,480
Black Christmas,1974,7.2,IMDb Users,5350,4043,8415,9990,5275,2415,1047,597,348,515
The Changeling,1980,7.2,IMDb Users,3701,3656,8236,9641,4558,1821,728,335,210,300
Invasion of the Body Snatchers,1956,7.7,IMDb Users,5963,7223,16170,11390,4361,1483,500,277,147,396
The Dead Zone,1983,7.2,IMDb Users,4805,6099,17697,22721,10298,3454,1142,473,232,370
Ringu,1998,7.2,IMDb Users,6117,7682,17923,19993,9071,3536,1437,694,489,673
Re-Animator,1985,7.2,IMDb Users,6603,6452,15289,17402,8730,3400,1479,822,449,775
Audition,1999,7.2,IMDb Users,6749,9626,20483,20645,10379,4613,2197,1250,841,1309
A Tale of Two Sisters,2003,7.2,IMDb Users,6716,7296,15094,15554,8065,3548,1662,866,513,930
Last Night in Soho,2021,7.2,IMDb Users,5266,6803,16489,16461,7965,3182,1373,697,449,818
Videodrome,1983,7.2,IMDb Users,9339,10429,22178,23777,12414,5293,2472,1274,773,1095
In the Mouth of Madness,1994,7.2,IMDb Users,7023,7283,15659,18506,9535,4260,1839,925,609,750
Gremlins,1984,7.3,IMDb Users,18383,19241,54896,70314,30491,10606,3930,1811,987,1165
Angel Heart,1987,7.3,IMDb Users,8302,10278,22939,23866,11338,4505,1739,875,515,867
Cube,1997,7.2,IMDb Users,16659,23813,61171,64311,31760,12467,5469,2949,1726,2625
Poltergeist,1982,7.3,IMDb Users,16097,17556,43585,43710,19642,7594,3180,1597,937,1353
The Wolf Man,1941,7.3,IMDb Users,3060,2581,6568,7813,3649,1361,495,213,95,159
From Dusk Till Dawn,1996,7.2,IMDb Users,26617,32083,79077,88472,41354,16601,7275,3891,2459,3727
The Return of the Living Dead,1985,7.3,IMDb Users,9366,6516,14055,15277,7519,2894,1315,700,431,685
The Lost Boys,1987,7.3,IMDb Users,19268,14910,31649,37412,18156,7000,2852,1357,769,1042
Sleepy Hollow,1999,7.3,IMDb Users,31741,38778,100372,105144,44698,15642,5633,2474,1327,1573
Twin Peaks: Fire Walk with Me,1992,7.3,IMDb Users,13290,11563,21451,23018,12031,5503,2607,1591,1024,1436
Dawn of the Dead,2004,7.3,IMDb Users,25329,27233,69168,72669,31436,11328,4668,2372,1382,2792
It,2017,7.3,IMDb Users,53286,65144,134671,128919,61651,26311,11758,6840,4570,8541
Scream,1996,7.3,IMDb Users,39515,33664,74330,89023,42288,16546,7087,3914,2709,4198
They Live,1988,7.3,IMDb Users,13878,13193,31336,35127,16738,6520,2567,1322,711,1063
Hereditary,2018,7.3,IMDb Users,29932,43369,69372,60007,31453,16086,8718,5655,4296,8853
Dead Ringers,1988,7.3,IMDb Users,4351,5543,11639,11799,6154,2620,1186,579,405,579
An American Crime,2007,7.3,IMDb Users,3571,3865,9375,10038,4238,1442,616,303,199,390
A Quiet Place Part II,2020,7.3,IMDb Users,16856,20068,50737,53152,22868,8053,3115,1608,990,1791
Sweeney Todd: The Demon Barber of Fleet Street,2007,7.3,IMDb Users,53166,48708,91902,83430,40846,17482,8286,4565,2933,5596
Doctor Sleep,2019,7.3,IMDb Users,15277,21478,51339,47120,20761,8207,3729,2107,1297,2139
The Conjuring 2,2016,7.3,IMDb Users,29977,30201,68626,70931,32146,11729,4494,2169,1228,2130
Eraserhead,1977,7.4,IMDb Users,19715,16580,25573,22059,10603,5637,3086,2217,1877,3571
Carrie,1976,7.4,IMDb Users,18077,20476,49717,53534,22310,7826,3178,1510,869,1272
Split,2016,7.3,IMDb Users,37033,55260,137618,139885,56941,18857,7166,3563,2100,3866
Invasion of the Body Snatchers,1978,7.4,IMDb Users,4941,6859,16938,17461,6855,2491,903,476,262,427
Suspiria,1977,7.4,IMDb Users,12433,12147,22273,20389,10446,4938,2212,1403,977,1350
The Rocky Horror Picture Show,1975,7.4,IMDb Users,31588,19087,30828,28783,14480,7320,3969,2633,1984,3453
House,1977,7.4,IMDb Users,3348,3449,6372,5834,2925,1432,712,463,321,393
Dracula,1992,7.4,IMDb Users,26250,28137,56228,50923,24312,10391,4867,2556,1581,2107
Pi,1998,7.4,IMDb Users,19462,27033,49933,41379,18176,8134,3988,2437,1757,2869
The Wicker Man,1973,7.5,IMDb Users,10736,11213,22039,17638,8098,3576,1527,921,695,1041
REC,2007,7.4,IMDb Users,17948,24223,52435,43363,18392,7737,3626,2219,1443,2332
Thesis,1996,7.4,IMDb Users,3740,5166,11616,10233,4042,1427,632,264,245,404
The Devil's Backbone,2001,7.4,IMDb Users,5441,8268,20291,18031,7235,2680,1012,496,314,552
Dracula,1931,7.5,IMDb Users,7563,6058,13612,13032,5868,2342,955,447,211,345
The Evil Dead,1981,7.5,IMDb Users,30694,25341,53999,47315,21196,9107,4321,2473,1739,2548
Possession,1981,7.4,IMDb Users,4801,4638,6854,5615,2982,1657,940,647,469,721
Nosferatu the Vampyre,1979,7.5,IMDb Users,4300,5004,9981,8255,3746,1723,702,446,306,399
A Nightmare on Elm Street,1984,7.5,IMDb Users,30155,26326,63757,61271,25314,9421,3742,1966,1105,1659
The Texas Chain Saw Massacre,1974,7.5,IMDb Users,23935,19558,37396,34421,16450,7658,3752,2315,1646,2515
Dead Alive,1992,7.5,IMDb Users,16767,13927,24939,19245,9001,4219,2199,1459,1108,2078
Army of Darkness,1992,7.5,IMDb Users,29477,23629,45552,38025,17708,7456,3504,2099,1312,1946
The Omen,1976,7.5,IMDb Users,11961,14652,36571,31227,12032,4359,1627,730,425,749
An American Werewolf in London,1981,7.5,IMDb Users,12299,13997,30297,26080,11257,3969,1626,818,416,640
Interview with the Vampire: The Vampire Chronicles,1994,7.5,IMDb Users,37046,44039,93949,77449,31879,12000,5071,2556,1508,2403
Jacob's Ladder,1990,7.5,IMDb Users,12062,15411,30802,26296,11360,4215,1804,927,563,959
Grindhouse,2007,7.5,IMDb Users,34598,26208,47001,37362,15853,7160,3334,2250,1842,6541
Halloween,1978,7.7,IMDb Users,55225,39078,69017,52945,23582,9789,4318,2407,1468,2394
The Birds,1963,7.7,IMDb Users,21494,27903,58036,43874,17706,6501,2734,1402,842,1224
Eyes Without a Face,1960,7.7,IMDb Users,3387,4548,10059,7518,2847,1005,334,203,116,229
Get Out,2017,7.7,IMDb Users,61915,96964,182694,121393,42306,15325,6669,3859,2640,7221
The Orphanage,2007,7.4,IMDb Users,14657,21343,46728,40789,17043,6209,2460,1146,718,1231
Frankenstein,1931,7.8,IMDb Users,12113,10834,21682,14259,5658,2263,931,527,354,1186
Peeping Tom,1960,7.7,IMDb Users,4467,5459,10086,7780,3306,1432,591,291,194,303
Repulsion,1965,7.7,IMDb Users,7205,9253,15103,10759,4750,2084,986,564,373,703
The Bride of Frankenstein,1935,7.8,IMDb Users,9585,7247,12551,8793,4192,1754,798,451,285,1016
What We Do in the Shadows,2014,7.7,IMDb Users,22461,29384,57072,39505,13808,4869,2044,1149,754,1298
Evil Dead II,1987,7.7,IMDb Users,30930,25286,44079,30193,12943,5852,2733,1571,1135,2007
The Haunting,1963,7.5,IMDb Users,6018,5196,9854,8497,4526,2138,853,503,294,467
Vampire Hunter D: Bloodlust,2000,7.7,IMDb Users,5162,5031,9308,6509,2610,1041,412,238,171,397
Predator,1987,7.8,IMDb Users,63686,64480,128662,83654,31154,11106,4171,1968,1105,1513
King Kong,1933,7.9,IMDb Users,16657,13212,23951,15568,6763,2885,1287,752,524,1600
Nosferatu,1922,7.9,IMDb Users,18847,16499,26871,16060,6918,3008,1400,907,686,2214
Shaun of the Dead,2004,7.9,IMDb Users,94215,102269,170064,98981,38128,13955,6310,3576,2515,6454
Freaks,1932,7.9,IMDb Users,7717,7723,13988,8757,3490,1488,577,351,217,505
Rosemary's Baby,1968,8.0,IMDb Users,34582,42154,65068,36870,14029,5622,2719,1546,1174,2729
I Saw the Devil,2010,7.8,IMDb Users,16876,24247,40582,23946,8638,3377,1599,912,586,1410
Night of the Living Dead,1968,7.9,IMDb Users,23360,20694,37412,23940,9952,4036,1665,948,577,1287
The Innocents,1961,7.8,IMDb Users,4796,5230,8758,5863,2506,1000,451,188,157,323
The Exorcist,1973,8.0,IMDb Users,73434,75369,114112,66744,26858,11089,5047,2978,2057,4512
Let the Right One In,2008,7.9,IMDb Users,34789,45785,63942,36323,14849,6355,3148,1869,1477,3384
The Cabinet of Dr. Caligari,1920,8.1,IMDb Users,12414,12237,17756,9803,3923,1717,808,565,392,1609
Demon Slayer: Mugen Train,2020,8.2,IMDb Users,14974,9017,8708,4325,1598,686,321,218,173,994
The Shining,1980,8.4,IMDb Users,216763,265696,259243,127350,45547,18784,8951,5285,3664,7244
Tumbbad,2018,8.3,IMDb Users,15415,9722,6935,3282,1313,609,315,177,181,705
Diabolique,1955,8.1,IMDb Users,9872,14014,21014,10943,3541,1705,721,498,405,1761
Alien,1979,8.4,IMDb Users,189279,234606,235188,111306,34650,13075,5715,3166,2215,4729
The Thing,1982,8.1,IMDb Users,82890,86734,118911,66466,23998,9169,3778,2161,1407,3338
The Blue Elephant,2014,8.1,IMDb Users,14291,4574,3644,1961,933,439,215,139,111,1583
Dawn of the Dead,1978,7.9,IMDb Users,26385,19976,32797,20280,8587,3772,1742,1072,762,1787
What Ever Happened to Baby Jane?,1962,8.1,IMDb Users,10265,11148,17173,8889,3142,1262,546,313,246,588
