Name,Year,User_Type,Rating,vote10f,vote9f,vote8f,vote7f,vote6f,vote5f,vote4f,vote3f,vote2f,vote1f,Rate_Female,Rate_<18f,Rate_18-29f,Rate_30-44f,Rate_45+f,Number_Female,Number_<18f,Number_18-29f,Number_30-44f,Number_45+f
A Quiet Place,2018,females,7.6,9106,10672,17895,13855,5971,2456,1121,694,508,713,7.6,7.5,7.7,7.5,7.6,62991,101,20310,27873,6866
The Wailing,2016,females,7.2,507,800,1675,1549,693,388,154,70,57,112,7.2,7.2,7.4,7.1,7.0,6005,6,1756,3000,662
Tucker and Dale vs Evil,2010,females,7.6,3158,2960,5198,4057,1616,645,300,152,88,163,7.6,6.9,7.5,7.6,7.8,18337,7,4150,10972,2181
Godzilla,1954,females,7.4,314,285,624,553,195,132,35,29,9,43,7.4,8.4,7.5,7.3,7.3,2219,6,442,1027,654
Psycho,1960,females,8.4,21933,24749,24497,11939,4167,1866,872,408,287,649,8.4,8.2,8.5,8.4,8.5,91367,82,23989,46082,15597
American Psycho,2000,females,7.5,9161,10200,19204,16193,7154,2966,1363,758,593,897,7.5,7.8,7.6,7.5,7.2,68489,48,19957,38080,6537
The Invisible Man,1933,females,7.5,383,351,870,729,304,125,52,16,10,251,7.5,8.1,7.5,7.5,7.6,3091,6,495,1298,1178
Zombieland,2009,females,7.6,9823,10277,19417,14994,6442,2472,1099,577,383,614,7.6,7.2,7.5,7.6,7.6,66098,38,19753,36025,6144
The Lighthouse,2019,females,7.0,1256,1965,3603,3320,1835,963,517,386,320,521,7.0,7.9,7.4,6.9,6.5,14686,29,5036,6316,1877
28 Days Later...,2002,females,7.6,6594,7094,13423,10380,4607,1929,827,474,372,525,7.6,7.1,7.4,7.6,7.6,46225,21,8932,28912,6157
The Skin I Live In,2011,females,7.8,4448,6089,9906,6797,2498,972,446,287,202,331,7.8,7.8,7.9,7.7,7.5,31976,5,7871,19467,2950
Train to Busan,2016,females,7.8,3967,3902,6786,4723,1567,508,204,111,68,99,7.8,7.3,7.9,7.7,7.9,21935,35,7390,9726,2067
The Others,2001,females,7.7,9952,11416,21451,15380,6171,2327,874,445,271,385,7.7,7.7,7.7,7.7,7.8,68672,25,13934,41968,9434
Last Night in Soho,2021,females,7.3,589,657,1444,1458,713,246,123,64,36,60,7.3,5.9,7.3,7.2,7.2,5390,20,1874,2336,615
Planet Terror,2007,females,7.1,2283,2070,4160,4294,2260,1057,536,338,270,540,7.1,7.0,7.0,7.2,6.9,17808,3,2722,12240,2113
The Cabin in the Woods,2011,females,6.8,6810,6512,11122,12571,8132,4930,3025,2121,1682,3013,6.8,6.9,6.6,6.8,7.0,59918,39,17110,32534,5922
Orphan,2009,females,7.0,4837,4711,9946,12477,6955,2983,1289,632,444,536,7.0,6.9,7.1,7.0,7.0,44810,39,15237,23156,3624
A Girl Walks Home Alone at Night,2014,females,7.3,588,765,1536,1438,664,301,123,88,60,109,7.3,6.3,7.4,7.2,7.3,5672,3,1613,3038,704
Green Room,2015,females,6.7,574,753,1989,3029,1987,1009,484,288,190,265,6.7,7.4,6.8,6.6,6.5,10568,11,2967,5474,1236
The Killing of a Sacred Deer,2017,females,6.8,1173,2042,4508,5540,2916,1431,747,520,490,1097,6.8,7.1,7.1,6.7,6.2,20464,17,6483,9760,2256
The Platform,2019,females,7.0,1368,2085,4416,5978,3079,1299,560,309,210,485,7.0,7.5,7.1,7.0,6.6,19789,46,7330,8771,1341
Thelma,2017,females,7.1,422,538,1311,1554,844,308,130,51,37,79,7.1,8.0,7.3,7.0,6.7,5274,3,1707,2592,523
From Hell,2001,females,6.9,2729,2357,5359,7743,4722,1951,752,404,168,242,6.9,7.0,6.9,6.9,7.0,26427,10,4160,17489,3746
Raw,2016,females,6.9,570,803,2059,2416,1330,645,328,188,132,250,6.9,7.0,7.1,6.8,6.6,8721,12,3408,3832,662
Dead Calm,1989,females,6.7,373,306,866,1538,992,387,185,74,52,59,6.7,10.0,6.4,6.6,7.0,4832,1,395,2438,1812
Scanners,1981,females,6.7,255,225,634,1034,693,356,137,75,44,57,6.7,7.0,6.8,6.6,6.8,3510,2,417,1906,1052
Phenomena,1985,females,6.7,269,191,423,677,441,209,98,73,48,51,6.7,6.0,7.0,6.7,6.6,2480,1,404,1476,492
eXistenZ,1999,females,6.7,688,836,1689,2339,1561,757,402,239,189,372,6.7,3.0,6.8,6.7,6.5,9072,1,871,5778,2107
Ginger Snaps,2000,females,7.0,1565,940,1808,2162,1315,617,312,159,115,159,7.0,6.5,7.1,7.0,6.9,9152,2,1740,5739,1269
Pontypool,2008,females,6.6,371,386,716,969,704,315,208,138,91,129,6.6,7.0,6.5,6.6,6.7,4027,2,537,2523,798
The Loved Ones,2009,females,6.6,656,617,1243,1685,1220,564,343,171,169,227,6.6,8.5,6.6,6.6,6.7,6895,2,1796,4006,748
Halloween,2018,females,6.5,1294,913,2326,3393,2999,1533,711,386,297,386,6.5,7.0,6.6,6.4,6.6,14238,39,4060,6620,1869
The Final Girls,2015,females,6.8,726,550,1374,2083,1342,640,276,112,57,94,6.8,7.0,6.8,6.8,7.0,7254,14,2139,3791,733
Insidious: Chapter 2,2013,females,6.8,3177,2323,4784,6905,5135,2412,1042,503,274,329,6.8,6.7,6.9,6.7,6.7,26884,28,9402,12582,2235
The Faculty,1998,females,6.6,1913,1216,2703,4254,3544,1871,782,341,213,203,6.6,7.2,6.7,6.6,6.6,17040,7,1778,12342,2227
You're Next,2011,females,6.6,1004,950,2299,3550,2733,1426,671,365,239,306,6.6,7.6,6.6,6.5,6.7,13543,11,3880,7092,1559
The Exorcist III,1990,females,6.3,284,170,369,548,646,455,329,228,69,83,6.3,8.0,6.0,6.2,6.5,3181,4,262,1688,1096
Alien 3,1992,females,6.5,1581,1206,3004,5299,4739,2207,1495,1530,1453,1856,6.5,6.2,6.3,6.6,6.5,24370,17,3066,14093,6085
The Blair Witch Project,1999,females,6.2,3123,2554,4836,6429,5611,3530,2214,1524,1327,2354,6.2,6.8,6.2,6.2,6.0,33502,38,6816,20016,5260
Dead End,2003,females,6.6,514,348,737,984,680,390,209,121,78,139,6.6,7.0,6.5,6.6,6.7,4200,1,586,2587,851
Silent Hill,2006,females,6.6,4287,2934,7638,7468,5933,3306,1769,966,694,1128,6.6,5.9,6.6,6.6,6.4,36123,13,9370,21731,3418
Lights Out,2016,females,6.4,1114,906,2505,4588,4593,2320,987,440,214,224,6.4,6.0,6.4,6.3,6.4,17891,31,6174,8086,1651
The Bar,2017,females,6.3,176,128,511,1017,949,468,199,97,63,80,6.3,7.5,6.3,6.3,6.5,3688,2,994,1942,371
The Ritual,2017,females,6.2,490,564,1510,3038,2938,1624,747,370,238,245,6.2,5.5,6.1,6.2,6.4,11764,13,3355,5807,1396
Hotel Transylvania 3: Summer Vacation,2018,females,6.7,1267,673,1747,2984,2789,1205,388,181,90,102,6.7,6.7,6.7,6.6,6.7,11426,30,3831,5134,967
1922,2017,females,6.1,304,258,931,2020,2253,1204,544,284,157,174,6.1,6.3,6.1,6.1,6.3,8129,7,2177,3947,1202
Resident Evil: Extinction,2007,females,6.7,2890,1464,2885,4359,4194,1901,824,430,233,394,6.7,5.3,6.8,6.6,6.7,19574,7,4161,12170,2278
Dead Silence,2007,females,6.3,1841,1085,2208,3377,3259,2071,1054,566,396,415,6.3,4.8,6.5,6.2,6.2,16272,10,5211,8755,1387
Vacancy,2007,females,6.2,1020,689,1760,3199,3661,2142,933,485,271,302,6.2,6.5,6.3,6.1,6.3,14462,6,2885,9065,1925
The Strangers,2008,females,6.3,2149,1586,3141,4369,4280,2607,1480,838,595,825,6.3,6.5,6.2,6.2,6.3,21870,21,5296,13170,2401
Red State,2011,females,6.1,564,458,946,1304,1202,800,501,300,227,307,6.1,6.0,5.9,6.1,6.2,6609,1,964,4331,1031
Case 39,2009,females,6.3,1244,1009,2657,4694,4880,2669,1144,548,315,262,6.3,6.1,6.4,6.2,6.4,19422,10,4916,11048,2398
Saw III,2006,females,6.3,2753,1300,2634,4173,4666,2409,1135,647,384,731,6.3,6.4,6.6,6.2,6.2,20832,29,5561,12461,1738
Saw VI,2009,females,6.2,1488,650,1406,2214,2897,1587,724,391,264,486,6.2,5.7,6.5,6.1,6.1,12107,21,3842,6564,998
Victor Frankenstein,2015,females,6.2,580,471,1185,2336,2841,1547,619,254,159,113,6.2,6.0,6.3,6.1,6.3,10105,3,2845,5143,1253
V/H/S/2,2013,females,5.7,310,204,486,751,970,660,378,257,202,249,5.7,8.5,5.8,5.7,5.7,4467,4,1132,2518,542
The Taking of Deborah Logan,2014,females,6.2,347,270,818,1306,1431,803,387,208,119,118,6.2,5.6,6.2,6.1,6.3,5807,6,1533,3027,819
The Boy,2016,females,6.2,875,784,2141,4118,4537,2535,1091,538,265,248,6.2,6.2,6.3,6.1,6.3,17132,23,5733,7840,1761
The Rite,2011,females,6.1,1409,939,2163,3551,4077,2677,1246,635,325,316,6.1,6.0,6.3,6.0,6.1,17338,2,3933,10529,2064
The Purge: Election Year,2016,females,6.2,697,491,1355,2493,2867,1600,623,263,175,229,6.2,6.2,6.3,6.1,6.2,10793,16,3740,4901,924
Circle,2015,females,5.9,249,289,797,1590,1909,1179,613,320,230,294,5.9,5.5,6.0,5.9,6.0,7470,11,2662,3468,613
Resident Evil: Afterlife,2010,females,6.3,2518,1173,2160,3191,3681,2403,1085,597,393,444,6.3,3.8,6.5,6.2,6.4,17645,7,4064,10745,1922
Saw V,2008,females,6.1,1665,668,1371,2216,3050,2093,926,514,297,565,6.1,5.7,6.3,5.9,6.0,13365,15,3999,7581,1067
Pride and Prejudice and Zombies,2016,females,6.2,1284,778,1747,2948,2991,1881,968,498,291,369,6.2,6.6,6.2,6.1,6.3,13755,7,4057,6702,1613
Rubber,2010,females,5.6,331,213,415,602,640,439,271,200,208,432,5.6,7.0,5.6,5.6,5.4,3751,1,987,2134,466
The Addams Family,2019,females,6.2,568,259,752,1350,1654,1146,435,174,125,127,6.2,6.2,6.2,6.0,6.3,6590,14,1988,3150,703
Final Destination 5,2011,females,5.9,1565,718,1492,2514,3424,2634,1254,662,413,512,5.9,5.7,6.0,5.8,6.4,15188,9,4847,8145,1417
Curse of Chucky,2013,females,5.5,480,163,390,619,940,867,482,329,230,268,5.5,4.6,5.5,5.4,5.8,4768,6,1354,2607,436
The Meg,2018,females,5.8,1260,704,1773,3445,4240,3165,1609,863,559,562,5.8,5.9,5.8,5.7,6.0,18180,23,4796,8455,2693
Ma,2019,females,5.7,257,200,618,1578,2275,1758,797,393,206,225,5.7,4.7,5.6,5.7,6.0,8307,13,2202,3950,1237
Friday the 13th Part III,1982,females,5.7,386,164,381,616,882,822,403,212,98,141,5.7,5.8,5.6,5.7,5.7,4105,5,679,2253,941
Poltergeist II: The Other Side,1986,females,5.9,278,143,318,596,827,646,313,136,83,74,5.9,5.0,5.7,6.0,5.9,3414,2,321,1953,966
I Know What You Did Last Summer,1997,females,5.8,1733,847,1997,4067,5991,5023,2245,1088,637,618,5.8,4.8,5.9,5.7,5.9,24246,13,4904,15567,2598
A Nightmare on Elm Street 4: The Dream Master,1988,females,6.0,605,236,507,847,1226,1098,467,207,115,107,6.0,5.2,5.8,6.1,5.8,5415,6,883,3222,1018
Countdown,2019,females,5.6,197,139,326,772,1062,944,471,208,135,116,5.6,5.3,5.6,5.5,5.9,4370,11,1382,2003,477
Teeth,2007,females,5.6,675,419,889,1358,1509,1194,785,572,394,577,5.6,4.0,5.1,5.7,6.0,8372,3,1922,5218,904
The Mummy,2017,females,5.5,1024,577,1512,3260,4621,4128,2248,1313,834,946,5.5,5.2,5.5,5.4,5.6,20463,20,5034,10142,2939
Resident Evil: Retribution,2012,females,5.9,2050,768,1396,2192,2709,2594,1242,757,483,627,5.9,4.8,6.1,5.8,6.0,14818,6,3683,8452,1628
Annabelle,2014,females,5.5,1606,957,2169,3844,5807,5186,2929,1613,862,991,5.5,4.9,5.5,5.5,5.7,25964,34,9503,11470,2153
Gretel & Hansel,2020,females,5.4,137,112,276,533,758,733,428,266,189,264,5.4,5.7,5.3,5.4,5.5,3696,11,876,1832,602
A Nightmare on Elm Street 2: Freddy's Revenge,1985,females,5.6,585,209,499,956,1422,1460,750,405,266,255,5.6,5.7,5.7,5.6,5.5,6807,11,1244,3974,1212
In the Tall Grass,2019,females,5.5,254,207,585,1340,1926,1683,828,472,326,446,5.5,5.2,5.5,5.5,5.7,8067,11,2284,3856,1054
Stay Alive,2006,females,5.7,1020,335,603,910,1072,945,639,369,261,345,5.7,7.0,6.0,5.6,5.5,6499,3,1565,4052,663
My Bloody Valentine,2009,females,5.5,1056,449,879,1335,1761,1685,994,606,426,476,5.5,8.5,5.6,5.4,5.8,9667,4,2370,5875,1073
The Grudge 2,2006,females,5.1,694,236,540,906,1417,1892,1254,719,440,713,5.1,5.0,5.3,5.0,5.3,8811,3,2276,5160,1017
When a Stranger Calls,2006,females,5.4,889,345,759,1202,1729,1807,1000,672,486,612,5.4,4.3,5.7,5.2,5.3,9501,3,2670,5391,1020
Rings,2017,females,4.8,231,115,273,569,1038,1383,1028,669,431,405,4.8,4.5,4.7,4.7,5.1,6142,5,2028,2885,590
Friday the 13th Part VIII: Jason Takes Manhattan,1989,females,4.8,255,74,156,295,334,420,441,262,183,210,4.8,5.7,4.5,4.9,4.8,2630,3,381,1487,627
Ouija,2014,females,4.8,547,220,524,916,1604,2213,1842,1103,675,611,4.8,4.5,4.8,4.7,5.1,10255,7,3443,4797,1035
Alone in the Dark,2005,females,2.6,155,2401,77,83,133,220,280,429,601,1487,2.6,2.5,2.6,2.5,3.0,5866,2,1453,3550,754
Laxmii,2020,females,2.6,76,13,15,28,26,22,32,30,42,826,2.6,3.7,2.9,2.8,2.1,1110,5,333,485,60
Manos: The Hands of Fate,1966,females,1.9,396,37,21,15,30,46,45,125,303,2025,1.9,1.5,2.1,1.9,1.8,3043,2,340,1894,717
Jaws: The Revenge,1987,females,3.6,206,57,111,185,283,407,467,748,672,945,3.6,2.0,3.6,3.6,3.6,4081,2,468,2157,1283
Slender Man,2018,females,3.4,128,31,69,146,307,579,742,849,760,898,3.4,2.2,3.2,3.4,3.7,4509,12,1531,1957,489
Troll 2,1990,females,3.4,433,54,79,81,92,121,125,254,379,1358,3.4,2.0,3.5,3.4,2.9,2976,1,540,1891,415
The Open House,2018,females,3.3,136,46,111,288,451,713,919,979,1168,2533,3.3,1.6,3.2,3.4,3.3,7344,7,1888,3458,1095
The Fog,2005,females,4.0,425,88,202,327,453,769,890,886,698,886,4.0,4.0,4.0,3.9,4.2,5624,2,838,3562,1029
The Wicker Man,2006,females,3.8,353,107,313,519,781,1149,1451,1353,1268,2029,3.8,6.0,3.9,3.7,3.9,9323,1,1389,5792,1812
Human Centipede 2: Tom Six Discusses the Story Concept,2011,females,3.6,354,138,253,350,430,550,633,579,626,1547,3.6,1.2,3.4,3.6,4.0,5460,4,1750,2822,615
Vampires Suck,2010,females,3.9,1470,618,561,768,1038,1378,1349,1446,1410,2208,3.9,4.3,4.0,3.8,4.0,12246,3,5425,5703,621
Jaws 3-D,1983,females,4.2,207,80,123,256,363,532,546,520,408,511,4.2,1.0,3.9,4.2,4.3,3546,2,514,1710,1142
I Know Who Killed Me,2007,females,3.8,604,3023,278,391,537,712,721,782,782,1885,3.8,1.0,3.9,3.7,3.6,9715,1,2488,6285,737
Plan 9 from Outer Space,1957,females,4.6,418,93,159,207,257,386,359,344,305,518,4.6,5.0,4.7,4.5,4.8,3046,1,404,1710,840
Prom Night,2008,females,4.5,904,228,474,698,943,1292,1320,1010,772,997,4.5,4.0,4.8,4.2,4.5,8638,3,2643,4882,753
One Missed Call,2008,females,4.4,443,131,319,503,740,965,1070,854,636,905,4.4,3.0,4.5,4.3,4.6,6566,1,1858,3791,709
Halloween: Resurrection,2002,females,4.5,329,99,169,335,449,663,737,476,348,421,4.5,7.5,4.4,4.4,4.9,4026,2,635,2468,690
Jason Goes to Hell: The Final Friday,1993,females,4.5,190,48,118,211,245,338,366,235,197,232,4.5,6.0,3.9,4.5,4.8,2180,1,308,1234,537
Jason X,2001,females,4.3,267,71,157,309,419,591,614,457,352,501,4.3,6.0,4.2,4.2,4.8,3738,2,511,2287,794
The Devil Inside,2012,females,4.3,504,184,387,553,799,1171,1129,890,793,1158,4.3,1.0,4.2,4.3,4.4,7568,1,1957,4260,892
Shark Night,2011,females,4.3,290,81,145,253,392,560,629,476,368,417,4.3,1.0,4.5,4.1,4.4,3611,1,983,2012,465
Species II,1998,nder_18,8.0,0,0,1,0,0,0,0,0,0,0,4.7,8.0,4.9,4.6,4.7,1,181,1215,617,426
Cell,2016,females,4.5,118,61,124,243,462,652,523,403,263,334,4.5,4.0,4.2,4.4,4.7,3183,2,393,1683,823
The Human Centipede (First Sequence),2009,females,4.2,642,289,684,1084,1357,1714,1474,1181,1067,2601,4.2,4.2,3.9,4.2,4.6,12093,7,3839,6464,1202
Death Note,2017,females,4.5,452,194,524,927,1270,1340,1147,974,884,2241,4.5,2.7,4.1,4.6,5.4,9953,17,3741,4153,747
Aliens vs. Predator: Requiem,2007,females,4.8,478,159,401,589,963,1303,960,685,495,751,4.8,2.3,4.7,4.7,5.0,6784,3,958,4126,1435
Black Christmas,2006,females,4.7,484,106,206,361,507,717,614,403,331,465,4.7,4.0,4.9,4.6,4.9,4194,4,844,2579,610
Paranormal Activity 4,2012,females,4.8,755,255,632,1032,1577,2054,1777,1157,781,991,4.8,5.0,4.8,4.7,5.0,11011,4,3634,5495,1027
Psycho,1998,females,4.8,304,164,402,691,1056,1306,972,566,431,819,4.8,1.0,4.7,4.8,4.9,6711,1,833,4298,1342
Anacondas: The Hunt for the Blood Orchid,2004,females,4.9,260,91,223,343,492,610,462,326,203,312,4.9,6.0,5.2,4.8,5.0,3322,1,699,1900,581
Paranormal Activity: The Ghost Dimension,2015,females,4.9,170,109,225,367,640,791,637,410,275,249,4.9,4.7,4.7,4.9,5.0,3873,3,1186,1928,428
Friday the 13th: A New Beginning,1985,females,5.1,228,69,192,348,420,573,461,216,128,171,5.1,5.0,5.1,5.1,5.1,2806,3,425,1552,683
I Still Know What You Did Last Summer,1998,females,5.0,787,270,592,1173,1826,2530,2033,1164,631,613,5.0,8.0,5.2,4.9,5.0,11619,3,1957,7866,1277
Anaconda,1997,females,4.8,602,197,520,1069,1800,2307,1945,1310,764,872,4.8,6.7,5.0,4.7,4.8,11386,3,1886,7259,1675
Leprechaun,1993,females,4.7,289,94,153,261,401,529,499,305,230,342,4.7,7.0,4.7,4.7,4.4,3103,1,465,1929,569
Halloween: The Curse of Michael Myers,1995,females,5.2,311,86,201,311,497,679,448,253,146,201,5.2,5.0,5.1,5.2,5.4,3133,4,548,1800,595
Seed of Chucky,2004,females,4.9,705,174,364,562,870,1142,935,672,394,512,4.9,5.5,5.1,4.8,4.8,6330,9,1511,3652,867
Halloween II,2009,females,5.0,521,219,409,565,708,825,595,426,360,689,5.0,5.3,5.1,5.0,4.9,5317,3,1045,3129,834
The Unborn,2009,females,4.9,638,279,590,1056,1657,2136,1641,1044,644,651,4.9,3.0,5.1,4.8,5.0,10336,1,3029,5933,989
Texas Chainsaw,2013,females,5.0,544,186,351,605,892,1101,746,534,377,518,5.0,7.0,5.0,4.9,5.2,5854,2,1712,3026,639
Meet the Blacks,2016,females,4.1,60,17,55,87,124,191,150,114,105,199,4.1,4.0,4.3,4.0,4.2,1102,2,266,511,212
The Forest,2016,females,5.0,306,164,442,903,1695,2022,1415,829,433,368,5.0,6.5,5.1,4.9,5.0,8577,2,2541,4287,943
Freddy's Dead: The Final Nightmare,1991,females,5.4,551,152,327,552,739,981,675,335,214,219,5.4,4.7,5.2,5.4,5.3,4745,3,777,2808,926
Valentine,2001,females,5.2,490,157,357,587,827,926,680,414,232,236,5.2,4.5,5.6,5.1,5.2,4906,2,647,3423,645
Poltergeist,2015,females,5.0,508,195,515,1072,1726,2035,1411,870,555,644,5.0,4.5,5.1,5.0,5.0,9531,6,2663,4849,1268
Halloween III: Season of the Witch,1982,females,4.6,347,120,248,369,424,581,469,406,332,647,4.6,5.3,4.5,4.6,4.8,3943,6,632,2133,927
The Haunting,1999,females,5.5,941,484,1075,1815,2423,2530,1695,936,608,632,5.5,6.0,5.4,5.4,5.5,13139,1,1470,8542,2496
Fantasy Island,2020,females,5.2,210,139,394,842,1259,1249,856,472,320,299,5.2,5.1,5.1,5.2,5.3,6040,10,1570,2831,976
Cursed,2005,females,5.4,474,165,408,737,1011,1171,665,421,278,263,5.4,10.0,5.5,5.2,5.7,5593,1,725,3731,916
A Serbian Film,2010,females,4.8,774,452,747,946,887,821,599,380,365,1834,4.8,3.3,4.7,4.9,4.9,7805,6,2717,4052,610
Silent Hill: Revelation,2012,females,5.1,905,286,654,1135,1608,1932,1253,870,513,620,5.1,7.0,5.3,5.0,5.2,9776,1,2800,5518,858
The Happening,2008,females,5.2,1546,920,2018,3466,4609,4505,3046,2074,1733,2116,5.2,4.4,5.3,5.2,5.4,26033,5,4544,16560,3809
Blair Witch,2016,females,5.0,181,134,335,642,1003,1163,766,452,345,431,5.0,2.0,5.1,5.0,4.7,5452,1,1545,2822,605
[REC] 3: Genesis,2012,females,5.0,238,127,235,454,613,710,525,325,253,339,5.0,4.5,5.0,4.9,5.6,3819,2,987,2258,390
A Haunted House,2013,females,5.2,756,257,500,715,865,989,650,442,332,485,5.2,2.8,5.5,5.0,4.7,5991,5,2004,2846,602
Paranormal Activity: The Marked Ones,2014,females,5.0,406,183,436,828,1118,1308,882,587,376,541,5.0,5.0,5.1,5.0,5.0,6665,2,2099,3369,679
Chernobyl Diaries,2012,females,5.0,541,288,674,1277,2030,2265,1623,1075,637,752,5.0,3.0,5.1,4.9,5.2,11162,2,3200,6061,1188
Child's Play 3,1991,females,5.3,457,127,255,483,699,932,577,331,188,214,5.3,4.7,5.4,5.2,4.9,4263,6,951,2519,559
A Nightmare on Elm Street 5: The Dream Child,1989,females,5.6,447,135,298,565,794,1023,513,230,133,123,5.6,5.6,5.4,5.6,5.6,4261,5,719,2531,799
Halloween 5: The Revenge of Michael Myers,1989,females,5.6,422,135,268,425,655,823,430,208,103,155,5.6,5.5,5.5,5.7,5.5,3624,5,642,2099,657
The Haunted Mansion,2003,females,5.5,848,298,781,1265,1819,2018,1252,696,330,224,5.5,6.1,5.8,5.2,5.6,9531,7,2955,4642,1406
Scooby-Doo 2: Monsters Unleashed,2004,females,5.6,1111,350,680,1137,1448,1736,960,519,301,314,5.6,6.7,5.9,5.2,5.6,8556,8,3575,3642,813
Exorcist: The Beginning,2004,females,5.2,223,102,280,541,857,1028,669,457,211,266,5.2,4.0,5.2,5.1,5.4,4634,2,425,2932,1158
The Cave,2005,females,5.3,306,153,340,708,992,1236,677,419,271,235,5.3,5.5,5.3,5.1,5.6,5337,2,808,3247,1081
Shutter,2008,females,5.6,504,235,633,1122,1502,1498,871,412,247,308,5.6,5.5,5.7,5.5,5.7,7332,2,1665,4523,862
The Final Destination,2009,females,5.4,1148,461,984,1733,2526,2805,1619,912,635,672,5.4,5.2,5.6,5.3,5.9,13495,7,4145,7486,1216
Doom,2005,females,5.6,762,305,659,1146,1430,1348,719,434,288,321,5.6,6.0,5.6,5.6,5.7,7412,1,923,4679,1497
The Mummy: Tomb of the Dragon Emperor,2008,females,5.4,1251,595,1267,2462,3857,4071,2248,1277,826,933,5.4,4.7,5.6,5.3,5.8,18787,3,4444,10796,2536
Flatliners,2017,females,5.5,402,227,637,1323,2196,1943,957,477,242,232,5.5,4.5,5.7,5.4,5.5,8636,10,2706,4035,924
A Nightmare on Elm Street,2010,females,5.4,1252,570,1205,1940,2667,2758,1458,938,648,967,5.4,5.5,5.7,5.3,5.2,14403,6,4421,7947,1372
Hellboy,2019,females,5.3,321,211,454,865,1259,1177,755,482,292,461,5.3,5.9,5.2,5.3,5.3,6277,6,1325,3248,1005
The Strangers: Prey at Night,2018,females,5.2,221,89,265,525,713,754,459,303,227,281,5.2,3.3,5.2,5.1,5.5,3837,3,1128,1834,467
Sorority Row,2009,females,5.4,501,210,486,841,1149,1311,790,455,276,337,5.4,8.0,5.6,5.2,5.3,6356,2,1939,3591,585
Apollo 18,2011,females,5.1,277,151,424,774,1057,1061,715,495,349,377,5.1,8.0,5.0,5.1,5.3,5680,1,979,3421,1077
The Lazarus Effect,2015,females,5.3,313,203,457,1022,1626,1812,1127,605,297,295,5.3,3.5,5.4,5.2,5.3,7757,2,2185,4030,945
The First Purge,2018,females,5.5,383,215,553,1039,1379,1270,684,371,223,472,5.5,4.2,5.6,5.4,5.2,6589,13,2171,2921,729
Friday the 13th Part VII: The New Blood,1988,females,5.5,293,114,214,377,455,533,269,153,76,124,5.5,7.8,5.3,5.6,5.5,2608,4,400,1431,638
Queen of the Damned,2002,females,6.0,2859,914,1567,2146,2192,1941,1239,737,523,732,6.0,5.0,6.4,6.0,5.8,14850,1,2383,9979,1839
The Witches,2020,females,5.5,289,155,422,931,1509,1243,694,347,250,367,5.5,6.3,5.3,5.4,5.9,6207,8,1503,3250,734
Truth or Dare,2018,females,5.6,529,270,755,1429,1967,1829,989,547,256,327,5.6,5.0,5.6,5.5,5.6,8898,24,3499,3624,679
The Covenant,2006,females,6.1,2945,788,1451,1933,2089,1783,994,578,356,387,6.1,5.0,6.3,6.0,6.0,13304,1,3136,8126,1468
The Stepford Wives,2004,females,5.7,951,523,1410,2917,4216,3673,1941,1029,499,525,5.7,3.0,6.0,5.6,5.4,17684,2,2737,11416,2785
Legion,2010,females,5.7,1285,637,1333,2107,2623,2444,1355,846,587,599,5.7,5.0,5.8,5.5,5.9,13816,2,2614,8174,2332
Spiral,2021,females,5.4,159,111,272,486,716,638,382,239,134,199,5.4,4.8,5.3,5.3,5.7,3336,18,866,1639,472
Things Heard & Seen,2021,females,5.5,160,117,381,867,1414,1316,773,383,221,198,5.5,4.1,5.5,5.4,5.6,5830,8,1279,2967,956
The Resident,2011,nder_18,6.0,0,0,0,0,1,0,0,0,0,0,5.5,6.0,5.5,5.5,5.7,1,1233,4039,995,273
Jennifer's Body,2009,females,5.5,2394,1218,2662,4049,4670,4411,3009,1917,1302,1719,5.5,6.1,5.7,5.4,5.6,27351,23,9743,14134,1910
The Green Inferno,2013,females,5.5,292,159,433,731,997,875,499,285,172,342,5.5,4.7,5.5,5.5,5.7,4785,3,1184,2494,699
Tusk,2014,females,5.1,357,211,553,980,1099,969,644,428,400,852,5.1,6.2,4.8,5.1,5.3,6493,6,1463,3593,953
Sinister 2,2015,females,5.6,464,263,676,1330,2010,1870,977,506,259,201,5.6,4.7,5.6,5.5,5.7,8556,3,2954,3936,897
The Bad Batch,2016,females,5.3,211,137,320,590,702,686,447,245,192,273,5.3,4.0,5.5,5.3,5.1,3803,6,851,1996,594
The Curse of La Llorona,2019,females,5.4,286,133,439,906,1462,1536,839,443,226,219,5.4,4.3,5.3,5.3,5.6,6489,10,1882,3057,825
Friend Request,2016,females,5.4,339,131,396,695,1003,1035,560,331,175,205,5.4,4.2,5.4,5.3,5.7,4870,4,1578,2311,477
The Nun,2018,females,5.4,1234,613,1453,2523,3688,3577,2109,1300,793,891,5.4,5.3,5.4,5.3,5.6,18181,41,6443,7747,1630
The Ring Two,2005,females,5.6,1202,548,1214,2224,3503,3456,1791,893,532,549,5.6,6.3,5.8,5.4,5.6,15912,3,4044,9557,1583
Eight Legged Freaks,2002,females,5.3,336,181,414,730,1080,1131,788,502,240,317,5.3,4.3,5.3,5.1,6.0,5719,3,803,3451,1254
The New Mutants,2020,females,5.4,225,171,411,924,1353,1305,698,404,236,324,5.4,4.2,5.4,5.4,5.5,6051,18,1721,2919,732
The Silence,2019,females,5.5,200,135,494,997,1495,1346,681,412,272,278,5.5,4.9,5.4,5.4,5.8,6310,13,1625,3021,918
The Eye,2008,females,5.5,787,390,845,1631,2534,2354,1280,698,404,440,5.5,6.0,5.7,5.4,5.5,11363,2,3047,6756,1081
House of Wax,2005,females,5.4,2355,981,2032,3319,4270,4138,2636,1635,1008,1184,5.4,6.5,5.8,5.3,5.4,23558,8,6501,14100,1858
Piranha 3D,2010,females,4.8,624,268,561,1087,1515,1465,1082,846,725,1188,4.8,7.0,4.6,4.9,5.2,9361,1,2393,5423,1165
Bride of Chucky,1998,females,5.5,901,314,670,1061,1407,1512,948,542,329,394,5.5,5.0,5.8,5.4,5.3,8078,6,1721,4915,1041
Hellraiser III: Hell on Earth,1992,females,5.7,228,99,233,358,573,529,269,132,65,98,5.7,7.0,5.6,5.7,5.8,2584,1,331,1560,562
Ghost Ship,2002,females,5.8,1372,732,1735,2858,3566,2957,1597,875,454,413,5.8,8.7,5.8,5.8,6.1,16559,3,3122,10269,2360
Dreamcatcher,2003,females,5.6,873,443,1103,1794,2208,1964,1225,797,511,718,5.6,5.0,5.6,5.5,5.9,11636,1,1247,7672,2248
Hostel: Part II,2007,females,5.7,859,487,988,1676,1920,1661,882,523,367,627,5.7,6.3,5.7,5.7,5.8,9990,3,1997,6357,1202
The Last Days on Mars,2013,females,5.5,99,81,207,499,800,759,384,192,111,137,5.5,7.0,5.3,5.5,5.5,3269,1,375,1943,780
Friday the 13th,2009,females,5.5,1177,520,1069,1821,2536,2250,1332,810,502,718,5.5,4.8,5.6,5.5,5.5,12735,11,3664,7027,1404
Red Riding Hood,2011,females,5.8,3818,2035,4024,6243,7691,6281,3522,1946,1179,1116,5.8,4.0,6.1,5.6,5.8,37855,3,13442,19385,3026
Winchester,2018,females,5.7,370,231,617,1189,1574,1375,689,331,180,157,5.7,4.5,5.6,5.6,6.0,6713,4,1524,3254,1298
Unfriended,2014,females,5.5,619,341,950,1937,2626,2228,1270,811,540,756,5.5,4.6,5.5,5.5,5.3,12078,12,4768,5254,1051
Resident Evil: The Final Chapter,2016,females,6.0,852,393,836,1477,1827,1241,580,315,214,269,6.0,4.9,6.2,5.9,6.1,8004,7,2069,4181,908
The Cloverfield Paradox,2018,females,5.7,309,267,779,1545,1978,1485,831,488,242,299,5.7,5.2,5.7,5.7,6.0,8223,5,1808,4314,1248
Vampire Academy,2014,nder_18,7.4,3,1,1,1,1,0,0,1,0,0,6.0,7.4,6.2,5.8,5.8,8,10135,9188,1259,272
The Omen,2006,females,5.6,729,349,767,1529,2354,1946,999,522,284,395,5.6,6.0,5.7,5.6,5.8,9874,5,1800,6307,1448
Peninsula,2020,females,5.6,121,73,203,427,523,447,226,126,79,93,5.6,5.0,5.7,5.5,5.9,2318,10,652,1061,327
The Dead Don't Die,2019,females,5.6,409,309,827,1524,1726,1511,829,517,421,495,5.6,4.2,5.6,5.6,5.7,8568,8,1851,4505,1381
Children of the Corn,1984,females,5.8,631,273,694,1318,1823,1453,757,369,204,210,5.8,7.0,5.7,5.8,5.9,7732,2,1461,4373,1507
The Texas Chainsaw Massacre 2,1986,females,5.4,234,106,201,271,384,379,235,143,112,189,5.4,6.0,5.2,5.4,5.4,2254,1,371,1262,509
Urban Legend,1998,females,5.9,878,472,1116,1977,2751,2188,1038,456,259,255,5.9,4.4,6.0,5.8,5.9,11390,5,1631,7855,1416
Scream 3,2000,females,5.8,1704,699,1605,2848,4044,3566,1643,813,455,477,5.8,6.6,6.1,5.7,6.0,17854,12,3685,11276,1992
Thir13en Ghosts,2001,females,6.1,1542,879,1786,2678,2997,2252,1202,647,435,460,6.1,4.0,6.1,6.0,6.4,14878,2,2480,9644,1985
Cabin Fever,2002,females,5.6,808,428,979,1615,1959,1688,999,574,544,851,5.6,1.0,5.6,5.6,5.7,10445,1,1632,6816,1565
Alien vs. Predator,2004,females,6.0,1006,578,1353,2281,2618,2008,943,584,388,512,6.0,6.1,6.1,5.8,6.2,12271,6,1892,7305,2457
Dark Water,2005,females,5.6,611,440,1019,1711,2655,2339,1147,591,323,364,5.6,7.0,5.8,5.5,5.8,11200,1,1958,7033,1782
Halloween Kills,2021,females,5.6,525,205,467,674,834,719,436,300,220,354,5.6,5.5,5.4,5.6,5.7,4734,10,1024,2281,884
Diary of the Dead,2007,females,5.5,282,154,330,592,797,652,419,244,182,245,5.5,4.0,5.5,5.4,5.7,3897,2,474,2634,687
Saw: The Final Chapter,2010,females,5.9,1418,564,1031,1507,2053,1573,807,502,362,584,5.9,5.1,6.1,5.8,6.0,10401,12,3387,5601,829
House at the End of the Street,2012,females,5.9,1487,800,1983,3474,4536,3554,1621,780,421,427,5.9,6.0,6.1,5.7,5.8,19083,2,6118,9501,1933
Freddy vs. Jason,2003,females,5.6,1218,490,1125,1628,2216,1901,1138,668,476,559,5.6,4.9,5.8,5.5,5.7,11419,5,2291,7145,1432
Priest,2011,females,6.0,1662,978,1914,2892,3247,2486,1286,685,381,372,6.0,3.0,6.2,5.9,6.3,15903,1,3207,9477,2504
Maggie,2015,females,5.5,225,148,383,698,1056,886,502,291,175,201,5.5,7.0,5.3,5.5,5.8,4565,1,705,2585,934
Pet Sematary,2019,females,5.7,391,290,918,2092,3023,2357,1159,572,364,420,5.7,6.2,5.7,5.7,5.8,11586,15,3297,5607,1419
The Rental,2020,females,5.6,88,64,247,573,927,717,370,173,129,132,5.6,7.7,5.4,5.6,5.6,3420,4,783,1744,595
Army of the Dead,2021,females,5.7,422,289,820,1658,2093,1645,918,586,452,564,5.7,5.5,5.6,5.7,5.8,9447,12,2005,4978,1405
Would You Rather,2012,females,5.9,494,352,880,1550,2019,1422,747,397,222,255,5.9,4.8,5.9,5.8,5.9,8338,5,2963,3952,788
I Spit on Your Grave 2,2013,females,5.8,436,157,393,593,869,635,330,177,104,192,5.8,7.0,5.8,5.8,5.8,3886,1,1237,1963,405
Splice,2009,females,5.6,581,497,1343,2523,3014,2304,1427,890,585,951,5.6,5.7,5.5,5.6,5.9,14115,5,3009,8655,1878
Paranormal Activity 2,2010,females,5.7,1168,757,1611,2678,3389,2653,1406,866,659,916,5.7,5.9,5.6,5.7,5.9,16103,8,4834,9084,1426
47 Meters Down,2017,females,5.9,481,317,863,1621,2184,1549,744,376,207,256,5.9,5.5,5.9,5.9,5.8,8598,6,2443,4088,1097
Regression,2015,females,5.6,208,160,397,1121,1867,1514,663,322,181,152,5.6,4.3,5.7,5.5,5.5,6585,3,1585,3591,880
Insidious: The Last Key,2018,females,6.0,605,318,791,1594,2106,1504,703,332,186,190,6.0,5.9,5.9,5.9,6.2,8329,14,2760,3703,862
Child's Play,2019,females,5.7,220,137,490,925,1158,872,478,261,189,261,5.7,4.9,5.7,5.6,5.7,4991,8,1291,2593,601
Velvet Buzzsaw,2019,females,5.8,265,245,736,1661,2267,1593,786,401,211,251,5.8,4.5,5.7,5.8,5.9,8416,6,2557,4054,952
Jaws 2,1978,females,5.9,460,275,627,1292,1924,1458,701,346,183,175,5.9,4.8,5.7,5.8,6.1,7441,6,1074,3922,2095
Cannibal Holocaust,1980,females,5.4,424,286,493,730,739,567,350,225,202,685,5.4,3.2,5.4,5.5,5.2,4701,4,1032,2884,560
Species,1995,females,5.7,290,165,496,1114,1729,1394,705,392,192,215,5.7,7.0,5.7,5.7,5.9,6692,1,538,4005,1892
Halloween 4: The Return of Michael Myers,1988,females,6.1,580,193,456,743,1054,816,355,146,86,148,6.1,5.8,6.0,6.1,6.0,4577,6,820,2636,831
End of Days,1999,females,5.7,406,227,618,1218,1722,1542,775,440,245,338,5.7,2.0,5.9,5.7,5.7,7531,1,445,4701,2087
Halloween H20: 20 Years Later,1998,females,5.9,890,382,914,1455,1924,1612,736,370,230,253,5.9,6.8,6.1,5.8,6.3,8766,7,1053,5746,1528
Blade: Trinity,2004,females,6.3,1643,867,1980,3071,3541,2249,1009,483,292,384,6.3,4.3,6.4,6.2,6.5,15519,3,2394,9790,2566
Hollow Man,2000,females,5.7,408,281,901,2113,3137,2532,1180,668,408,417,5.7,5.2,5.9,5.6,5.7,12045,5,1407,7761,2365
Gothika,2003,females,6.1,1543,1198,2896,4765,5417,3576,1764,923,445,390,6.1,7.0,6.3,6.1,6.2,22917,1,3932,14996,3037
The Texas Chainsaw Massacre: The Beginning,2006,females,5.9,829,377,844,1433,1964,1481,645,362,250,361,5.9,5.0,6.0,5.9,5.8,8546,4,1890,5238,1082
The Relic,1997,females,5.8,229,72,195,345,454,376,194,113,72,85,5.8,6.0,5.6,5.7,5.9,2135,1,140,1120,775
The Descent: Part 2,2009,females,5.9,438,252,594,1119,1528,1121,565,276,187,163,5.9,5.7,5.8,5.8,6.1,6243,3,1433,3631,834
The Purge,2013,females,6.0,1917,1348,3385,6239,7589,5367,2716,1355,841,943,6.0,6.0,6.0,5.9,6.0,31700,25,10827,15021,2800
Final Destination 3,2006,females,6.0,2057,901,2021,3447,4744,3381,1534,756,429,477,6.0,5.3,6.2,5.8,6.2,19747,10,5857,11124,1792
The Wolfman,2010,females,5.7,810,535,1222,2326,3179,2473,1375,728,412,435,5.7,7.0,5.7,5.7,6.0,13495,1,2231,8704,2080
Old,2021,females,5.9,352,286,832,1562,1667,1082,581,378,295,389,5.9,5.3,5.8,5.9,6.1,7424,24,1799,3660,1159
V/H/S,2012,females,5.6,519,371,861,1346,1531,1154,700,527,400,624,5.6,5.5,5.6,5.6,5.4,8033,2,1969,4608,961
Paranormal Activity 3,2011,females,5.8,1420,831,1922,2782,3353,2453,1234,823,543,906,5.8,5.6,5.8,5.8,5.9,16267,6,5000,8957,1503
The Babysitter: Killer Queen,2020,females,6.0,224,142,352,716,903,509,273,153,95,94,6.0,5.2,5.9,6.0,6.2,3461,15,1125,1610,336
Jigsaw,2017,females,6.0,602,351,802,1494,1900,1224,663,320,186,195,6.0,5.1,6.1,5.9,6.2,7737,19,2752,3481,648
High Life,2018,females,5.7,162,160,361,693,677,520,299,205,195,227,5.7,5.0,6.2,5.6,5.3,3499,5,911,1693,587
Eli,2019,females,5.7,253,176,501,1013,1459,1085,505,330,181,241,5.7,4.1,5.5,5.7,6.0,5744,7,1565,2794,749
Vivarium,2019,females,5.9,258,230,658,1317,1457,972,497,273,228,434,5.9,6.6,5.9,5.9,5.8,6324,8,1632,3107,949
Underworld: Blood Wars,2016,females,6.2,1067,503,1040,1761,2062,1295,595,263,157,144,6.2,5.7,6.4,6.1,6.5,8887,5,2018,4682,1191
Escape Room: Tournament of Champions,2021,females,6.1,175,118,318,633,774,465,172,69,52,48,6.1,6.5,6.3,6.0,6.0,2824,23,883,1282,326
Morgan,2016,females,5.9,212,169,480,1040,1539,1049,471,234,100,114,5.9,10.0,5.8,5.8,6.1,5408,1,1135,2794,982
"Salò, or the 120 Days of Sodom",1975,females,5.8,676,435,767,1064,1065,717,399,290,230,636,5.8,6.4,5.8,5.9,5.4,6279,5,1759,3534,697
Child's Play 2,1990,females,5.9,623,239,496,869,1196,1157,505,244,164,169,5.9,6.4,6.0,5.9,5.4,5662,9,1291,3348,693
The Brothers Grimm,2005,females,6.2,1880,1271,2788,5019,5649,3497,1508,781,427,531,6.2,4.0,6.4,6.1,6.2,23351,2,4867,14513,3100
King Kong,1976,females,6.0,189,90,226,460,602,401,172,93,59,83,6.0,4.0,5.7,6.0,6.0,2375,1,249,979,1044
The Grudge,2004,females,5.9,2028,1166,2509,4285,5592,4110,2168,1237,775,1118,5.9,5.8,5.9,5.8,6.2,24988,5,5984,15070,2868
The X Files: I Want to Believe,2008,females,6.2,1625,650,1321,2095,2449,1654,743,422,263,319,6.2,6.0,6.3,6.1,6.4,11541,1,1098,7700,2347
The Possession,2012,females,6.1,982,683,1510,2448,3083,2125,944,441,247,248,6.1,10.0,6.0,6.0,6.4,12711,1,3219,6858,1733
Hostel,2005,females,5.7,1592,1035,2151,3408,4064,3077,1745,1162,878,1965,5.7,4.7,5.7,5.7,5.9,21077,8,4002,13671,2536
The Haunting in Connecticut,2009,females,6.3,1433,888,1870,2794,3088,1992,878,466,251,229,6.3,4.0,6.5,6.2,6.2,13889,1,3785,7822,1619
Saw IV,2007,females,6.1,2070,850,1711,2714,3653,2305,1133,619,344,662,6.1,5.8,6.3,6.0,6.0,16061,17,4495,9454,1287
Abraham Lincoln: Vampire Hunter,2012,females,6.0,2187,1390,3104,4555,4674,3245,1796,1037,709,786,6.0,7.0,6.3,5.9,6.2,23483,2,5347,13285,3258
The Tall Man,2012,females,6.1,602,445,982,1523,1639,1083,485,302,183,223,6.1,5.0,6.0,6.1,6.3,7467,1,1253,4520,1254
The Fourth Kind,2009,females,6.0,1167,737,1496,2171,2280,1634,936,557,362,436,6.0,10.0,6.1,6.0,5.7,11776,1,2678,7113,1486
The Mortal Instruments: City of Bones,2013,females,6.5,10143,4166,6485,8302,7542,4900,2685,1552,943,1173,6.5,6.1,6.7,6.3,6.6,47891,12,19676,19589,3531
Carrie,2013,females,5.9,2031,1578,3078,5394,6885,4867,2550,1298,761,933,5.9,6.0,6.0,5.8,5.9,29375,18,10822,13635,2473
Quarantine,2008,females,6.0,787,553,1248,2132,2283,1499,835,468,356,586,6.0,5.0,5.9,6.0,6.1,10747,5,2251,6601,1473
The Void,2016,females,5.4,135,113,299,486,634,547,344,209,171,187,5.4,4.0,5.5,5.5,5.2,3125,2,653,1708,489
Candyman,2021,females,6.2,316,242,579,882,852,528,248,150,117,221,6.2,5.3,6.3,6.2,6.1,4135,3,1045,2101,513
The Prodigy,2019,females,5.9,198,130,422,913,1242,752,317,142,74,114,5.9,7.0,6.0,5.9,6.0,4304,4,1091,2113,639
Annabelle Comes Home,2019,females,6.0,486,310,926,1732,2275,1373,638,352,172,182,6.0,5.7,6.0,6.0,6.2,8446,22,2729,3788,880
Friday the 13th Part VI: Jason Lives,1986,females,5.9,435,147,327,522,682,539,262,134,68,115,5.9,8.9,5.9,6.0,5.8,3231,20,516,1758,782
Cam,2018,females,5.9,144,122,466,1058,1304,830,412,205,142,191,5.9,4.1,5.9,5.9,5.7,4874,5,1833,2200,362
Underwater,2020,females,5.9,394,239,737,1557,1976,1360,615,365,196,216,5.9,6.6,5.9,5.8,5.8,7655,10,1673,3929,1243
Friday the 13th: The Final Chapter,1984,females,6.0,434,183,467,617,972,666,302,142,69,134,6.0,7.1,6.0,6.0,5.9,3986,17,658,2175,905
Hide and Seek,2005,females,6.3,1609,1128,2541,4027,4198,2596,988,499,287,238,6.3,6.0,6.7,6.3,6.1,18111,2,4088,11260,2093
The Amityville Horror,2005,females,6.2,1705,1016,2531,4332,5132,2956,1349,608,357,386,6.2,5.8,6.3,6.2,6.0,20372,9,4798,12277,2269
Captive State,2019,females,6.1,3458,3437,616,483,568,389,163,94,92,113,6.1,4.5,6.3,6.1,5.9,9413,5,3222,5376,599
The Midnight Meat Train,2008,females,5.8,536,363,916,1551,1709,1180,725,421,327,417,5.8,6.5,5.6,5.8,6.2,8145,4,1510,5080,1218
Unfriended: Dark Web,2018,females,6.0,211,180,523,917,942,617,322,156,100,141,6.0,5.6,6.1,6.0,5.9,4109,14,1428,1854,385
Halloween,2007,females,6.1,1791,943,1900,2410,2440,1461,812,574,448,1096,6.1,5.8,6.1,6.1,6.0,13875,17,2737,8352,2083
Friday the 13th Part 2,1981,females,6.2,620,308,622,1115,1435,904,362,145,114,134,6.2,7.4,6.0,6.2,6.3,5759,22,1075,3091,1254
House of 1000 Corpses,2003,females,6.2,1825,927,1472,1722,1624,1023,613,430,341,747,6.2,5.9,6.2,6.3,6.0,10724,5,1685,6936,1559
Bug,2006,females,5.8,325,294,644,765,776,496,353,235,215,520,5.8,6.0,5.6,5.7,6.1,4623,1,457,2816,1181
Wrong Turn,2003,females,6.1,1736,898,1846,3092,3841,2333,1162,648,444,490,6.1,6.7,6.1,6.0,6.4,16490,10,3682,10170,1841
Mirrors,2008,females,6.1,1323,910,2188,3850,4280,2570,1283,633,410,385,6.1,6.0,6.2,6.1,6.2,17832,5,4935,10291,1814
Splinter,2008,females,6.0,284,252,612,983,1219,690,383,207,137,128,6.0,6.5,5.9,6.0,6.5,4895,2,977,2880,850
The Belko Experiment,2016,females,6.2,268,236,736,1359,1536,824,340,171,95,149,6.2,7.0,6.2,6.2,6.3,5714,4,1666,2811,683
Solomon Kane,2009,females,6.0,520,317,707,1276,1456,963,525,273,165,194,6.0,7.0,6.2,5.9,6.4,6396,1,1085,3823,1228
6 Souls,2010,females,6.4,713,520,1251,2051,2087,1156,513,228,152,176,6.4,4.0,6.5,6.3,6.3,8847,1,1581,5408,1413
Hobo with a Shotgun,2011,females,6.1,300,176,340,462,432,257,144,111,104,166,6.1,7.0,6.1,6.1,6.0,2492,1,370,1618,413
Hansel & Gretel: Witch Hunters,2013,females,6.3,3951,2372,4933,7537,7641,4610,2402,1305,749,787,6.3,6.7,6.4,6.1,6.3,36287,10,10641,18381,3849
Grave Encounters,2011,females,6.2,921,641,1424,2035,2056,1242,694,372,285,359,6.2,7.7,6.3,6.1,6.2,10029,6,3073,5320,1037
The Collection,2012,females,6.3,843,475,1043,1532,1568,854,452,243,142,202,6.3,7.4,6.5,6.2,6.6,7354,6,1909,4044,863
Don't Breathe 2,2021,females,6.1,170,121,310,587,706,389,183,90,43,62,6.1,5.5,6.0,6.1,6.2,2661,6,764,1240,355
Insidious: Chapter 3,2015,females,6.2,1171,770,1870,3432,3881,2270,981,493,236,237,6.2,6.7,6.2,6.1,6.4,15341,16,5418,6957,1382
The Lodge,2019,females,6.1,220,244,803,1368,1347,822,399,209,157,242,6.1,6.4,6.3,6.1,5.9,5811,8,1357,3030,863
Blood Red Sky,2021,females,6.2,225,225,575,1026,1049,601,292,133,90,124,6.2,4.0,6.2,6.1,6.4,4340,12,933,2052,829
Brightburn,2019,females,6.0,357,311,984,1779,1946,1264,640,324,214,276,6.0,6.7,5.8,6.0,6.3,8095,3,1774,4150,1278
The Amityville Horror,1979,females,6.4,554,329,733,1335,1348,703,303,155,83,106,6.4,6.0,6.3,6.3,6.7,5649,3,797,3073,1504
Crawl,2019,females,6.1,411,287,864,1737,2062,1175,559,296,181,205,6.1,5.6,6.1,6.0,6.2,7777,10,2040,3750,1124
Wolf,1994,females,6.4,556,354,941,1711,1920,967,392,180,102,95,6.4,6.0,6.4,6.4,6.3,7218,1,563,4262,2110
Killer Klowns from Outer Space,1988,females,6.2,503,218,479,607,642,420,257,125,118,183,6.2,7.0,6.2,6.3,6.0,3552,1,575,2119,678
Alien: Resurrection,1997,females,6.5,1651,1101,2567,4362,4196,2114,974,486,319,504,6.5,5.5,6.3,6.5,6.5,18274,10,2394,10683,4241
Scream 2,1997,females,6.3,2122,1285,2706,4864,6040,3348,1360,628,415,520,6.3,6.7,6.5,6.1,6.4,23288,33,4678,14732,2663
Idle Hands,1999,females,6.3,833,352,821,1191,1281,762,373,219,158,211,6.3,8.0,6.6,6.3,6.3,6201,1,579,4577,804
Jeepers Creepers,2001,females,6.2,1680,972,2142,3181,3560,2288,1206,724,456,673,6.2,6.9,6.3,6.1,6.7,16882,11,3161,10420,2517
Final Destination 2,2003,females,6.3,1855,1031,2549,4798,5798,3158,1198,642,331,342,6.3,6.1,6.4,6.2,6.5,21702,24,5781,12697,2123
Resident Evil: Apocalypse,2004,females,6.7,2876,1409,2873,4404,4425,1990,844,423,208,343,6.7,5.5,6.8,6.6,6.7,19795,6,4128,12259,2408
The Texas Chainsaw Massacre,2003,females,6.2,1767,975,2223,3759,4042,2289,1116,606,371,586,6.2,6.7,6.2,6.2,6.0,17734,19,3796,11251,1890
Dark Shadows,2012,females,6.3,5854,3462,7995,14176,14570,8476,4039,1950,1074,1111,6.3,6.6,6.3,6.3,6.4,62707,28,20207,32112,5990
Scream 4,2011,females,6.2,2564,1397,2769,4070,4449,2712,1338,810,511,711,6.2,6.5,6.4,6.2,6.2,21331,28,5843,12641,1802
Devil,2010,females,6.3,1513,1238,3055,4956,4827,2706,1303,665,438,407,6.3,5.7,6.3,6.3,6.6,21108,10,5082,12233,2724
Land of the Dead,2005,females,6.1,635,378,855,1533,1697,958,458,266,185,302,6.1,7.0,5.9,6.0,6.3,7267,1,833,4838,1378
The Thing,2011,females,6.1,700,650,1499,2692,2886,1705,828,446,285,415,6.1,5.2,6.0,6.1,6.4,12106,4,2322,7222,2010
The Neon Demon,2016,females,5.8,647,716,1682,2547,2479,1840,1171,727,600,982,5.8,6.2,6.1,5.7,5.3,13391,15,4604,6391,1153
Wolf Creek,2005,females,6.2,760,571,1345,2008,2003,1145,583,327,269,437,6.2,5.3,5.9,6.2,6.6,9448,3,1532,5973,1585
Deliver Us from Evil,2014,females,6.3,911,743,1660,2788,2774,1542,764,399,225,209,6.3,6.7,6.3,6.2,6.6,12015,3,3076,6310,1575
"As Above, So Below",2014,females,6.5,1252,1049,2428,3427,3036,1653,790,434,256,258,6.5,7.3,6.6,6.4,6.2,14583,12,4667,7156,1499
Scary Stories to Tell in the Dark,2019,females,6.3,418,405,1214,2432,2408,1232,516,250,120,125,6.3,6.0,6.3,6.3,6.4,9120,14,2778,4311,1033
Krampus,2015,females,6.2,665,493,1291,2215,2267,1407,697,391,262,289,6.2,6.4,6.1,6.2,6.4,9977,5,2515,5238,1299
Before I Wake,2016,females,6.4,532,484,1223,2214,2307,1142,477,213,96,96,6.4,6.2,6.4,6.3,6.4,8784,8,2604,4357,988
Ouija: Origin of Evil,2016,females,6.1,416,374,1046,2100,2424,1440,649,329,201,198,6.1,6.0,6.0,6.1,6.3,9177,16,2688,4461,1076
Colossal,2016,females,6.2,350,380,1102,2057,1818,1205,576,352,209,276,6.2,6.0,6.2,6.1,6.3,8325,4,2015,4495,1099
Mama,2013,females,6.3,2782,2209,5154,8425,8329,4994,2384,1226,732,745,6.3,6.1,6.2,6.3,6.6,36980,18,11478,18278,3754
Color Out of Space,2019,females,6.0,179,168,417,765,703,456,269,169,125,180,6.0,6.5,6.0,6.0,5.8,3431,4,619,1926,554
It Comes at Night,2017,females,5.6,201,291,949,1839,2068,1563,948,631,513,1034,5.6,7.9,5.8,5.5,5.7,10037,7,2746,4995,1316
Verónica,2017,females,6.3,377,278,840,1597,1544,813,386,174,97,136,6.3,5.3,6.3,6.3,6.5,6242,10,2030,2970,600
Happy Death Day 2U,2019,females,6.3,525,360,1158,2149,2215,1124,479,177,129,122,6.3,6.2,6.3,6.3,6.5,8438,23,2825,3805,858
Synchronic,2019,females,6.2,139,109,324,707,726,349,177,72,40,71,6.2,10.0,6.2,6.2,6.3,2714,1,410,1371,643
Fear Street: Part One - 1994,2021,females,6.3,635,421,1080,1955,1909,925,429,204,151,231,6.3,6.2,6.3,6.3,6.3,7940,59,2203,3912,854
The Perfection,2018,females,6.3,439,414,1085,1844,1582,827,462,242,176,287,6.3,6.1,6.3,6.3,6.3,7358,9,2128,3613,888
Sleepaway Camp,1983,females,6.4,501,251,481,784,771,440,216,109,91,150,6.4,5.9,6.4,6.5,6.3,3794,12,681,2241,676
Predator 2,1990,females,6.1,586,287,657,1359,1666,1014,485,237,167,178,6.1,5.7,5.9,6.1,6.1,6636,3,811,3719,1702
The Hills Have Eyes,1977,females,6.2,216,143,386,758,804,391,176,105,63,118,6.2,5.7,6.2,6.2,6.4,3160,3,543,1793,708
Hellbound: Hellraiser II,1988,females,6.5,579,322,580,978,909,515,236,92,53,104,6.5,8.7,6.5,6.5,6.7,4368,6,598,2611,942
New Nightmare,1994,females,6.5,672,347,792,1260,1151,688,278,144,77,108,6.5,6.7,6.3,6.6,6.5,5517,22,811,3435,1014
Paranormal Activity,2007,females,6.1,3161,2499,4740,6937,6168,3993,2428,1594,1353,2369,6.1,4.8,5.8,6.2,6.1,35242,26,9867,20364,3433
Goosebumps,2015,females,6.5,959,652,1783,3269,3134,1544,561,229,121,141,6.5,5.7,6.5,6.4,6.6,12393,15,3549,6320,1259
Dracula Untold,2014,females,6.6,4003,2365,4715,6674,5609,2897,1261,646,378,869,6.6,7.6,6.7,6.5,6.9,29417,7,8215,15131,3390
The Uninvited,2009,females,6.6,2086,1357,3055,4445,3865,1992,787,364,227,272,6.6,8.0,6.8,6.5,6.4,18450,4,5680,10096,1794
#Alive,2020,females,6.4,174,148,512,1143,1008,422,153,72,44,72,6.4,7.8,6.4,6.4,6.5,3748,11,1200,1696,392
I Spit on Your Grave,2010,females,6.4,1407,844,1770,2683,2437,1382,674,352,271,440,6.4,4.3,6.3,6.3,6.6,12260,6,3612,6678,1238
Underworld: Awakening,2012,females,6.7,3489,1777,3406,5006,4144,2232,906,515,301,335,6.7,4.8,6.9,6.6,6.8,22111,4,4899,12967,2946
Scouts Guide to the Zombie Apocalypse,2015,females,6.5,387,293,733,1208,1096,498,215,99,52,95,6.5,8.0,6.5,6.5,6.6,4676,3,1193,2451,627
The Visit,2015,females,6.4,1281,1222,3115,4831,4369,2231,1130,649,467,634,6.4,5.8,6.5,6.3,6.2,19929,22,5541,10045,2596
The Shallows,2016,females,6.4,1205,981,2651,5445,4975,2357,945,490,314,324,6.4,6.4,6.5,6.3,6.5,19687,11,6216,9339,1949
13 Sins,2014,females,6.4,334,286,745,1408,1296,647,281,107,74,90,6.4,10.0,6.6,6.3,6.4,5268,1,1310,2866,740
Dark Skies,2013,females,6.5,1283,903,2107,3301,3063,1593,631,326,176,167,6.5,8.5,6.5,6.4,6.5,13550,2,2920,7610,1982
Cargo,2017,females,6.6,397,338,947,1547,1177,470,222,100,54,80,6.6,5.1,6.6,6.6,6.9,5332,5,1226,2647,898
Malignant,2021,females,6.0,395,286,823,1276,1136,759,495,356,260,384,6.0,6.5,6.1,6.0,5.8,6170,10,1544,3045,868
Apostle,2018,females,6.0,211,223,694,1268,1311,832,463,261,181,218,6.0,5.9,6.1,6.0,6.0,5662,5,1553,2718,823
Haunt,2019,females,6.3,165,142,415,772,870,422,184,95,43,42,6.3,6.9,6.3,6.2,6.3,3150,6,790,1624,407
The Blob,1958,females,6.5,233,105,281,511,564,267,103,42,35,31,6.5,7.0,6.3,6.4,6.7,2172,2,243,1021,820
Friday the 13th,1980,females,6.5,1436,934,2030,3533,3280,1709,801,484,274,305,6.5,6.6,6.3,6.5,6.7,14786,39,3100,8069,2778
Arachnophobia,1990,females,6.4,491,381,1042,1814,1772,948,402,208,117,175,6.4,7.0,6.3,6.3,6.6,7350,1,640,4468,1891
Gremlins 2: The New Batch,1990,females,6.4,774,505,1125,2144,2419,1427,722,360,164,180,6.4,5.8,6.4,6.4,6.0,9820,4,1240,6224,1850
The Conjuring: The Devil Made Me Do It,2021,females,6.5,866,529,1379,2510,2372,1135,465,204,96,114,6.5,6.4,6.5,6.4,6.7,9670,51,2914,4367,1224
The People Under the Stairs,1991,females,6.6,535,334,713,1063,949,476,244,86,89,105,6.6,6.5,6.7,6.6,6.4,4594,2,524,2918,962
The Craft,1996,females,6.8,3209,2010,4459,6095,4912,2294,1068,525,221,230,6.8,6.1,6.8,6.9,6.7,25023,18,4515,15879,3210
Session 9,2001,females,6.3,919,819,1440,1937,1687,1062,690,393,284,328,6.3,7.0,6.0,6.2,6.8,9559,1,1542,5918,1748
Daybreakers,2009,females,6.6,1298,1145,2723,4590,3479,1684,737,356,212,243,6.6,6.5,6.7,6.6,6.7,16467,2,2989,10670,2223
Mindhunters,2004,females,6.7,736,539,1295,1798,1457,618,342,156,85,82,6.7,7.3,7.0,6.7,6.5,7108,3,940,4647,1254
The Hills Have Eyes,2006,females,6.1,2014,1338,2913,4811,4589,2685,1463,883,616,1211,6.1,6.3,6.1,6.1,6.2,22523,9,5241,14006,2302
Them,2006,females,6.4,313,330,734,1140,929,504,239,140,89,109,6.4,6.0,6.1,6.5,6.5,4527,1,736,2943,722
The Collector,2009,females,6.6,1043,684,1417,2046,1703,893,416,270,190,251,6.6,7.4,6.6,6.5,6.7,8913,6,2300,4994,1097
Freaky,2020,females,6.5,312,257,838,1511,1332,649,209,101,79,100,6.5,6.4,6.5,6.4,6.5,5388,25,1423,2657,758
Black Death,2010,females,6.2,315,251,646,1301,1359,733,354,165,123,130,6.2,6.5,6.2,6.1,6.4,5377,2,820,3246,1096
The House of the Devil,2009,females,6.0,364,345,809,1243,1161,755,508,261,191,302,6.0,6.0,5.9,6.1,6.1,5939,1,1054,3714,903
Fright Night,2011,females,6.4,1840,1218,2829,4706,4077,2267,1046,526,384,498,6.4,7.0,6.5,6.3,6.5,19391,4,4781,11313,2507
Under the Skin,2013,females,6.0,1036,1228,2298,2835,2511,1676,1059,770,615,1287,6.0,8.0,6.4,5.9,5.8,15315,7,3909,8234,2191
The Woman in Black,2012,females,6.4,3655,2767,6168,9737,8638,4722,2228,1070,630,695,6.4,6.3,6.5,6.4,6.6,40310,11,12687,20846,4286
The Voices,2014,females,6.4,635,590,1476,2312,1850,1056,552,303,218,299,6.4,2.0,6.6,6.3,6.2,9291,1,2334,5164,1119
Alien: Covenant,2017,females,6.4,1091,1076,2881,5446,4811,2473,1180,720,427,671,6.4,6.4,6.4,6.3,6.4,20776,15,4604,10970,3074
Creep,2014,females,6.4,416,486,1098,1841,1514,787,352,199,162,231,6.4,5.4,6.5,6.4,6.2,7086,11,2093,3497,873
The Purge: Anarchy,2014,females,6.6,1511,1302,3128,5095,3998,1899,783,346,187,298,6.6,6.5,6.7,6.5,6.5,18547,20,6607,8611,1529
Tale of Tales,2015,females,6.5,462,459,993,1431,1118,612,292,171,138,228,6.5,7.0,6.7,6.5,6.5,5904,1,1392,3226,831
Ghost Stories,2017,females,6.5,187,241,682,1153,936,447,226,108,59,70,6.5,5.3,6.7,6.4,6.3,4109,3,928,2160,666
A Cure for Wellness,2016,females,6.3,795,772,2101,3628,3161,1783,935,438,306,385,6.3,7.1,6.5,6.3,6.2,14304,8,4702,6646,1520
The Babysitter,2017,females,6.3,650,511,1378,2489,2171,1109,594,299,197,310,6.3,5.6,6.2,6.4,6.6,9708,31,3344,4441,853
Escape Room,2019,females,6.6,873,807,2251,4136,3366,1430,523,207,108,133,6.6,6.7,6.7,6.5,6.5,13834,40,4650,6223,1346
Incident in a Ghostland,2018,females,6.5,436,322,819,1032,830,394,210,105,81,130,6.5,5.7,6.7,6.5,6.5,4359,3,1128,2160,595
Unsane,2018,females,6.3,197,241,823,1760,1583,773,362,194,112,195,6.3,5.4,6.3,6.3,6.3,6240,6,1548,3157,964
Revenge,2017,females,6.4,246,221,600,888,719,420,213,123,78,157,6.4,5.2,6.5,6.4,6.3,3665,4,901,1858,545
Halloween II,1981,females,6.6,1012,536,1154,2029,1896,877,399,169,111,140,6.6,6.8,6.5,6.5,6.7,8323,24,1582,4567,1654
The Skeleton Key,2005,females,6.7,2198,1979,4436,6544,4826,2336,964,487,246,245,6.7,6.2,6.7,6.7,6.8,24261,4,4390,15357,3370
Bad Taste,1987,females,6.1,267,199,405,577,482,280,155,99,84,180,6.1,4.0,5.8,6.2,6.1,2728,1,303,1754,580
Psycho II,1983,females,6.4,226,159,296,614,558,331,139,58,45,57,6.4,9.0,6.7,6.4,6.3,2483,1,392,1314,678
Slither,2006,females,6.2,827,609,1275,1906,1703,1001,561,347,245,384,6.2,6.0,5.7,6.2,6.6,8858,5,1346,5578,1592
Resident Evil: Degeneration,2008,females,6.6,278,137,276,448,400,185,86,37,29,63,6.6,7.0,6.7,6.6,6.3,1939,1,408,1210,239
The Last House on the Left,2009,females,6.7,1596,1260,2906,4106,3035,1428,652,368,231,376,6.7,5.8,6.7,6.7,6.7,15958,10,3873,9448,1838
Tideland,2005,females,6.7,795,685,1057,1182,788,443,252,187,130,229,6.7,8.0,6.8,6.7,6.6,5748,3,819,3929,839
The Crazies,2010,females,6.5,1112,1029,2409,3890,3294,1786,773,410,244,264,6.5,7.4,6.4,6.4,6.8,15211,7,3140,9168,2183
[Rec]²,2009,females,6.3,604,448,1072,2041,1864,992,494,246,207,264,6.3,6.7,6.3,6.3,6.3,8232,3,2104,4981,787
Drag Me to Hell,2009,females,6.1,2319,1908,3942,5528,4713,3389,2139,1465,1145,1797,6.1,6.6,5.8,6.1,6.5,28345,8,7019,17085,2993
Host,2020,females,6.6,213,231,546,853,634,270,131,88,47,78,6.6,5.3,6.5,6.6,6.5,3091,10,775,1585,422
Byzantium,2012,females,6.7,766,698,1783,2385,1733,897,362,197,107,141,6.7,5.7,6.9,6.6,6.9,9069,3,2084,5061,1403
Evil Dead,2013,females,6.3,2234,1704,3085,4173,3604,2292,1269,818,591,957,6.3,7.1,6.3,6.3,6.1,20727,17,5701,11160,2070
Gerald's Game,2017,females,6.5,848,993,2694,4439,3411,1669,751,401,281,361,6.5,4.7,6.6,6.5,6.4,15848,15,5033,7547,1620
Time Lapse,2014,females,6.5,317,327,821,1487,1210,595,243,120,66,101,6.5,7.8,6.7,6.4,6.4,5287,4,1213,2912,795
The Awakening,2011,females,6.7,1014,1078,2605,4324,3190,1370,562,231,109,119,6.7,6.0,6.8,6.6,6.9,14602,1,3147,8577,2057
Oculus,2013,females,6.5,1555,1485,3495,5710,4658,2583,1219,637,406,451,6.5,5.4,6.5,6.4,6.5,22199,11,7040,11067,2215
The Endless,2017,females,6.5,217,247,724,1243,796,424,205,106,68,102,6.5,6.5,6.4,6.5,6.5,4132,2,733,2337,728
Crimson Peak,2015,females,6.8,2777,2552,6004,9099,6627,3018,1092,564,320,347,6.8,7.0,6.9,6.7,6.8,32400,20,9623,16703,3403
Possessor,2020,females,6.3,93,111,366,614,478,310,131,75,50,112,6.3,4.6,6.5,6.2,6.0,2340,5,501,1248,393
His House,2020,females,6.5,265,309,910,1228,1068,552,247,117,64,88,6.5,3.1,6.6,6.5,6.5,4848,5,1363,2398,600
The Hunt,2020,females,6.6,701,726,1622,2537,1851,891,360,225,171,297,6.6,5.1,6.4,6.6,6.7,9381,18,2171,4764,1464
The Night House,2020,females,6.5,128,149,410,838,631,312,135,63,38,55,6.5,5.8,6.6,6.5,6.3,2759,4,650,1424,415
Annabelle: Creation,2017,females,6.6,1449,1087,2811,4465,3870,1870,754,412,237,284,6.6,6.4,6.6,6.5,6.6,17239,47,6114,7429,1506
It Chapter Two,2019,females,6.7,2626,2135,4801,6899,5240,2630,1260,738,478,568,6.7,6.6,6.7,6.6,6.7,27375,68,9043,12213,2718
Better Watch Out,2016,females,6.5,252,252,678,1249,935,427,174,105,77,154,6.5,6.1,6.5,6.5,6.6,4303,11,1157,2175,565
The Howling,1981,females,6.4,230,159,482,773,608,391,142,81,48,67,6.4,8.0,6.4,6.2,6.8,2981,1,286,1513,1057
A Nightmare on Elm Street 3: Dream Warriors,1987,females,6.7,1217,564,1251,1967,1659,856,347,148,84,164,6.7,8.2,6.7,6.8,6.6,8257,30,1411,4755,1600
The Witches of Eastwick,1987,females,6.8,1372,1046,2473,3948,2920,1258,502,217,130,147,6.8,7.0,6.7,6.8,6.9,14013,2,1679,8013,3621
Pet Sematary,1989,females,6.7,1695,1202,2706,4067,3094,1480,654,322,177,214,6.7,6.0,6.6,6.8,6.7,15611,10,2685,9153,2895
The Blob,1988,females,6.3,267,172,321,597,651,367,143,69,65,84,6.3,9.0,6.4,6.4,6.1,2736,1,293,1572,749
Child's Play,1988,females,6.5,1422,703,1786,3105,2713,1385,603,347,201,259,6.5,7.7,6.6,6.5,6.4,12524,37,2858,7262,1679
Flatliners,1990,females,6.8,993,995,2346,3819,2852,1211,508,230,121,97,6.8,8.0,6.7,6.7,6.9,13172,1,1112,7273,4192
Death Becomes Her,1992,females,7.0,3239,2174,4697,6649,4889,2205,1074,597,268,244,7.0,5.3,6.9,7.0,6.6,26036,6,4205,16077,4323
May,2002,females,6.7,1012,807,1404,1820,1345,755,331,227,142,201,6.7,6.0,6.8,6.7,6.7,8044,1,1196,5237,1338
What Lies Beneath,2000,females,6.8,1946,1785,4294,6585,4678,1921,741,363,193,188,6.8,5.9,6.7,6.8,6.9,22694,5,2331,14671,4688
The Wolf Man,1941,females,7.3,293,241,515,657,300,100,58,25,9,28,7.3,7.0,7.0,7.1,7.6,2226,2,328,1048,761
Overlord,2018,females,6.6,377,396,1080,1718,1212,560,209,114,74,120,6.6,6.8,6.8,6.6,6.6,5860,4,1324,2952,990
30 Days of Night,2007,females,6.6,2158,1815,3679,5371,4238,2223,1144,639,415,491,6.6,7.0,6.5,6.5,7.0,22173,3,3575,14234,3402
Antichrist,2009,females,6.5,1927,2226,3386,3749,2822,1762,998,673,581,1179,6.5,8.0,6.5,6.5,6.1,19303,3,4666,11853,1944
Cloverfield,2008,females,6.6,4216,3810,6956,8461,5582,3006,1690,1151,897,1772,6.6,7.0,6.6,6.7,6.5,37541,13,6838,23907,5154
Saw II,2005,females,6.6,3651,2229,4523,7110,5471,2675,1152,682,450,845,6.6,6.7,6.8,6.5,6.5,28788,33,7395,17486,2498
The Girl with All the Gifts,2016,females,6.7,484,566,1502,2460,1758,808,310,143,92,127,6.7,4.8,6.6,6.7,6.9,8250,4,1735,4438,1382
Bird Box,2018,females,6.9,4389,4251,9951,13784,8675,3493,1316,695,427,559,6.9,6.5,7.0,6.9,7.0,47540,82,15288,21263,5071
Hush,2016,females,6.7,1295,1327,3463,5435,3958,1712,702,314,222,250,6.7,6.6,6.8,6.6,6.7,18678,36,6836,8222,1540
Mother!,2017,females,6.4,3624,3338,5502,5975,4190,2804,1802,1390,1259,3711,6.4,6.6,6.9,6.3,5.4,33595,32,10541,15811,3508
Happy Death Day,2017,females,6.7,1394,1205,3270,5673,4076,1627,626,271,167,221,6.7,6.4,6.8,6.7,6.9,18530,46,6698,7960,1711
Life,2017,females,6.5,1234,1344,3888,6733,5364,2688,1202,649,412,548,6.5,6.6,6.6,6.4,6.5,24062,12,6135,12473,2991
Mandy,2018,females,6.2,521,450,827,981,746,512,326,245,212,442,6.2,7.0,6.5,6.2,5.5,5262,4,1158,2838,782
Return to Oz,1985,females,7.1,1089,581,1008,1111,763,371,207,101,71,119,7.1,4.5,6.5,7.2,6.5,5421,2,643,3875,663
Christine,1983,females,6.6,844,564,1417,2426,2018,920,412,181,98,121,6.6,6.0,6.7,6.6,6.7,9001,2,1138,4821,2595
Cronos,1993,females,6.7,186,182,460,833,549,257,92,45,35,45,6.7,7.0,6.8,6.6,6.9,2684,1,388,1612,576
Fear Street: Part Three - 1666,2021,females,6.9,507,385,965,1528,985,351,146,64,40,79,6.9,6.9,6.9,6.8,6.8,5050,45,1496,2438,512
Candyman,1992,females,6.6,1106,839,2007,2846,2311,1176,545,294,186,229,6.6,6.9,6.5,6.6,6.7,11539,13,1880,6920,2118
Prince of Darkness,1987,females,6.6,248,216,436,654,520,267,138,89,47,56,6.6,9.0,6.5,6.5,6.7,2671,1,263,1404,879
Blade II,2002,females,6.6,1603,1039,2497,4622,3769,1736,724,361,250,325,6.6,6.7,6.7,6.5,6.7,16926,3,2573,10596,2923
Resident Evil,2002,females,7.1,4238,2590,5298,7289,4674,1905,818,440,299,411,7.1,5.9,7.1,7.0,7.1,27962,8,5727,17441,3294
The Gift,2000,females,6.9,1060,904,2473,3755,2538,951,322,135,67,75,6.9,7.5,6.8,6.8,7.2,12280,2,1061,7416,3239
Final Destination,2000,females,6.8,3581,2614,6072,9732,6808,3178,1266,639,398,457,6.8,6.4,6.7,6.8,7.0,34745,35,8590,20778,3584
Ju-on: The Grudge,2002,females,6.7,628,523,1214,1892,1452,657,300,141,87,134,6.7,8.0,6.5,6.7,6.8,7028,2,1692,4207,851
Event Horizon,1997,females,6.6,1156,1063,2282,3041,2512,1345,762,470,261,355,6.6,8.0,6.5,6.7,6.6,13247,4,1411,8259,2941
The Exorcism of Emily Rose,2005,females,6.7,2256,1807,3934,6000,4293,2078,959,486,280,340,6.7,6.5,6.7,6.7,6.8,22433,14,5353,13415,2573
Inside,2007,females,6.6,567,499,890,1206,700,416,219,178,132,287,6.6,7.3,6.3,6.7,6.8,5094,3,1002,3260,624
Rare Exports,2010,females,6.9,365,368,733,924,500,250,118,53,54,68,6.9,8.0,6.7,6.9,7.1,3433,2,496,2103,674
The Call,2013,females,7.1,2906,2491,5015,6832,3904,1454,492,217,125,163,7.1,6.7,7.3,7.0,7.0,23599,9,6816,11668,2747
Zombieland: Double Tap,2019,females,6.8,919,958,2703,4613,3147,1113,410,188,136,134,6.8,6.7,6.8,6.8,6.9,14321,28,3988,7002,1757
Hotel Transylvania 2,2015,females,7.0,2664,1868,4378,6882,4593,1698,530,214,100,114,7.0,6.1,7.1,6.9,7.0,23041,40,8273,10624,1644
Suspiria,2018,females,6.6,733,827,1675,2114,1537,842,413,277,214,380,6.6,7.6,6.9,6.5,5.9,9012,11,2824,4364,930
Summer of 84,2018,females,6.7,325,317,807,1348,935,433,134,86,60,66,6.7,5.4,6.8,6.7,6.6,4511,5,1104,2408,572
Saint Maud,2019,females,6.5,132,202,531,866,590,309,174,65,60,106,6.5,7.3,6.7,6.5,6.2,3035,10,776,1540,455
Los ojos de Julia,2010,females,6.7,554,530,1172,2055,1449,599,253,106,60,100,6.7,10.0,6.9,6.7,6.5,6878,1,1829,4049,618
Turbo Kid,2015,females,6.8,200,178,315,444,250,127,116,27,20,56,6.8,8.0,6.9,6.9,6.4,1733,1,321,1030,272
Pandorum,2009,females,6.6,1183,1163,2500,3613,2569,1306,620,351,207,241,6.6,4.0,6.6,6.7,6.5,13753,1,1964,8861,2377
Fear Street: Part Two - 1978,2021,females,6.9,569,481,1281,2029,1121,384,120,56,32,80,6.9,6.8,7.0,6.9,6.9,6153,50,1774,3001,627
The Fog,1980,females,6.6,660,447,1052,1609,1229,625,334,140,86,120,6.6,6.5,6.5,6.5,7.0,6302,2,784,3360,1876
Goodnight Mommy,2014,females,6.7,421,600,1422,2236,1521,698,384,216,121,211,6.7,7.8,6.8,6.6,6.8,7830,4,2593,3876,774
The Brood,1979,females,6.7,225,196,430,702,453,220,99,42,30,49,6.7,7.3,6.8,6.7,6.8,2446,3,340,1403,612
House on Haunted Hill,1959,females,7.1,475,333,760,1158,705,256,100,34,25,33,7.1,6.0,7.0,7.0,7.1,3879,3,642,2057,977
Marrowbone,2017,females,6.9,571,454,1182,1630,1019,362,142,49,26,52,6.9,6.9,7.2,6.8,6.8,5487,6,1529,2644,701
High Tension,2003,females,6.9,1091,1006,1773,2145,1244,660,365,213,152,276,6.9,4.9,6.8,6.9,6.9,8925,5,1289,5867,1419
Trick 'r Treat,2007,females,6.7,1966,1285,2422,3121,2259,1304,750,453,317,466,6.7,8.5,6.5,6.7,6.9,14343,12,3386,8630,1617
The Devil's Rejects,2005,females,6.8,2322,1207,1855,2207,1326,760,442,302,275,611,6.8,8.0,6.7,6.8,6.5,11307,1,1552,7395,1857
Eden Lake,2008,females,6.6,966,958,2138,3067,1962,965,509,322,239,443,6.6,5.2,6.6,6.6,6.8,11569,4,2663,7043,1289
1408,2007,females,6.8,3962,3576,7375,10039,6808,3349,1567,794,488,534,6.8,7.3,6.9,6.7,6.8,38492,11,8958,23197,4613
Odd Thomas,2013,females,7.1,1341,938,1814,2177,1166,580,246,133,87,99,7.1,6.0,7.2,7.0,7.1,8581,1,1420,4630,1846
Insidious,2010,females,6.9,6204,5035,9779,12265,8333,4076,1959,1107,740,844,6.9,7.4,6.9,6.9,6.9,50342,48,16647,25200,4624
Warm Bodies,2013,females,7.1,8697,6120,12409,15209,8351,3716,1573,858,511,698,7.1,6.7,7.2,7.0,7.2,58142,13,21634,27070,4273
Annihilation,2018,females,6.8,2228,2940,6894,9250,6421,3248,1540,924,660,758,6.8,7.2,7.0,6.7,6.5,34863,22,10145,17262,3658
The Babadook,2014,females,6.7,2235,2922,5884,7433,5324,3150,1697,963,640,1022,6.7,5.8,6.7,6.6,6.8,31270,24,10008,15414,3176
Stonehearst Asylum,2014,females,6.9,1084,965,2192,3206,1980,804,236,111,79,55,6.9,6.0,7.2,6.8,6.9,10712,3,2701,5805,1391
It Follows,2014,females,6.5,1797,2276,5132,6982,4877,2987,1774,1137,861,1611,6.5,6.0,6.5,6.5,6.3,29434,25,9247,14870,2827
Sinister,2012,females,6.8,3643,3728,7503,10251,6923,3332,1436,770,444,518,6.8,6.8,6.9,6.8,6.9,38548,34,12564,18910,3758
The Autopsy of Jane Doe,2016,females,6.7,1099,1246,3023,4802,3418,1515,618,325,163,187,6.7,6.5,6.7,6.7,6.8,16396,14,4909,7901,1942
The House That Jack Built,2018,females,6.6,602,710,1405,1761,1169,661,378,244,187,373,6.6,5.7,6.8,6.5,6.0,7490,7,2322,3534,897
Shin Godzilla,2016,females,6.8,155,125,243,312,176,109,59,24,21,40,6.8,9.0,7.0,6.7,6.7,1264,4,294,616,217
Us,2019,females,6.9,2730,3221,6801,8058,5011,2384,1259,813,625,1197,6.9,7.3,7.1,6.8,6.6,32099,55,10739,14172,3410
I See You,2019,females,6.9,540,568,1514,2112,1189,469,185,82,59,84,6.9,6.2,7.0,6.9,6.9,6802,11,1395,3280,1430
Creepshow,1982,females,7.0,654,399,809,1250,806,342,143,72,45,84,7.0,8.0,6.9,6.9,7.1,4604,1,610,2526,1244
The Witches,1990,females,7.1,1415,924,2115,2975,1746,703,295,101,50,69,7.1,6.1,6.8,7.2,7.0,10393,5,1770,6749,1191
Night of the Living Dead,1990,females,6.8,436,284,560,976,636,327,133,68,51,110,6.8,6.5,6.9,6.8,6.8,3581,2,444,2174,805
Frankenweenie,2012,females,7.2,2585,2158,4984,6704,3403,1258,467,240,123,220,7.2,7.2,7.2,7.1,7.3,22142,14,6649,11981,1959
Shadow of the Vampire,2000,females,6.9,405,450,946,1298,696,349,156,81,65,101,6.9,7.0,6.7,6.9,7.1,4547,1,327,2660,1435
Hocus Pocus,1993,females,7.5,10270,3974,6648,7018,4431,1875,722,414,235,193,7.5,7.5,7.3,7.6,7.3,35780,21,7778,21487,3702
28 Weeks Later,2007,females,6.9,2833,2620,5814,8715,4912,2061,930,499,361,530,6.9,6.4,6.9,6.9,7.0,29275,7,5524,18462,3973
The Witch,2015,females,6.5,2133,2345,5080,6075,4481,2745,1652,1116,849,1547,6.5,6.8,6.7,6.4,6.3,28023,27,8543,13668,2980
Near Dark,1987,females,7.0,430,347,681,838,546,264,102,61,52,79,7.0,7.0,7.1,6.8,7.3,3400,1,352,1854,1072
Under the Shadow,2016,females,6.8,183,282,720,1017,635,264,121,67,43,87,6.8,6.0,6.9,6.8,6.6,3419,2,867,1891,400
Creature from the Black Lagoon,1954,females,6.9,242,148,420,770,449,200,66,37,21,21,6.9,3.0,6.9,6.8,7.0,2374,1,412,1090,770
Hellraiser,1987,females,7.0,1733,1181,2434,3196,1840,915,455,252,203,252,7.0,7.3,6.9,6.9,7.2,12461,20,2262,7270,2257
Ready or Not,2019,females,7.0,1355,1504,3797,5492,2893,1015,376,175,113,155,7.0,8.2,7.1,7.0,7.1,16875,28,5269,7933,1808
10 Cloverfield Lane,2016,females,7.0,1814,2834,7854,9921,5360,2318,1018,535,379,510,7.0,7.1,7.1,7.0,7.1,32543,22,9177,16221,3848
Ravenous,1999,females,7.1,584,498,839,911,526,236,150,58,51,95,7.1,7.0,6.9,7.1,7.2,3948,1,288,2381,1120
Henry: Portrait of a Serial Killer,1986,females,6.7,229,248,609,876,593,308,130,88,56,84,6.7,7.0,6.7,6.6,6.9,3221,4,481,1857,752
Stir of Echoes,1999,females,7.1,1052,1176,2742,3932,1889,775,281,158,102,140,7.1,6.7,6.9,7.0,7.3,12247,3,939,7665,3158
World War Z,2013,females,7.1,7393,8013,17236,21043,10969,4605,2000,1100,708,977,7.1,5.6,7.2,7.0,7.1,74044,32,20028,38007,8556
Constantine,2005,females,7.2,6982,5407,9719,11293,6280,2760,1227,634,408,464,7.2,7.5,7.3,7.1,7.2,45174,14,8099,28604,5949
Hellboy II: The Golden Army,2008,females,7.0,2758,2388,5278,6897,3888,1575,668,377,240,385,7.0,7.5,7.0,7.0,7.2,24454,4,4603,15004,3647
Climax,2018,females,7.0,668,863,1554,1523,813,441,226,139,121,257,7.0,7.0,7.4,6.8,6.0,6605,9,2804,2684,465
The Thing from Another World,1951,females,7.1,261,157,498,630,422,276,67,45,41,24,7.1,10.0,6.7,6.8,7.5,2421,1,156,1156,1043
The Mummy,1932,females,7.2,475,239,522,672,338,127,45,26,14,26,7.2,6.0,7.0,7.1,7.5,2484,1,355,1089,956
Fright Night,1985,females,7.1,1243,774,1754,2218,1188,521,233,105,64,112,7.1,6.8,7.1,7.0,7.4,8212,4,1202,4377,2208
Day of the Dead,1985,females,7.0,554,379,833,1162,690,328,123,73,43,124,7.0,8.2,6.9,7.1,6.8,4309,4,486,2609,1045
Little Shop of Horrors,1986,females,7.3,2041,1345,2525,2883,1636,679,250,152,99,129,7.3,6.6,7.4,7.3,7.1,11739,6,1901,6557,2626
Blade,1998,females,7.0,2684,2017,4793,6856,3477,1554,638,377,228,379,7.0,7.0,7.0,7.0,7.2,23003,4,3603,14352,3906
Pitch Black,2000,females,7.2,2869,2473,4880,5508,2727,1269,526,296,171,243,7.2,8.0,7.2,7.2,7.4,20962,4,2406,13132,4432
The Frighteners,1996,females,7.2,1188,1002,2260,2529,1279,562,253,122,72,111,7.2,7.5,7.2,7.2,7.2,9378,2,891,5946,2125
Tremors,1990,females,7.0,1662,1194,2693,3492,1918,969,410,242,165,165,7.0,6.7,6.9,7.0,7.1,12910,7,1631,7669,2947
The Ring,2002,females,7.0,5895,5485,11769,15286,8212,3567,1562,853,568,757,7.0,6.7,7.0,7.0,7.2,53954,39,13666,31677,5754
Thirst,2009,females,7.0,477,634,1328,1594,830,354,175,111,77,114,7.0,7.0,7.1,7.0,6.9,5694,2,1113,3630,712
Shutter,2004,females,7.1,1110,913,1782,2110,1118,554,208,120,82,91,7.1,7.0,7.1,7.2,7.0,8088,2,2015,4908,840
The Host,2006,females,7.0,1092,1140,2494,2994,1417,634,323,175,142,236,7.0,6.8,7.1,7.0,7.2,10647,11,2235,6172,1640
Martyrs,2008,females,7.2,2052,1871,2727,2563,1333,742,385,258,235,501,7.2,6.7,7.2,7.2,7.2,12667,6,3220,7572,1225
The Mist,2007,females,6.9,3575,3605,7487,8165,4926,2662,1390,945,748,1214,6.9,7.6,6.8,6.8,7.0,34717,16,7788,20672,4498
Hotel Transylvania,2012,females,7.4,8461,6125,12496,14532,6819,2510,902,406,220,288,7.4,7.2,7.5,7.3,7.4,52759,54,18210,25552,4077
The Invisible Man,2020,females,7.2,1912,2552,6152,7197,3521,1355,542,289,204,292,7.2,6.7,7.2,7.1,7.1,24016,33,6948,11231,3039
Let Me In,2010,females,6.8,1923,1765,3975,5139,3237,1478,714,399,298,563,6.8,7.7,6.8,6.8,7.1,19491,3,4946,10989,2574
The Call,2020,females,7.2,313,367,898,1115,467,172,49,31,22,40,7.2,8.3,7.3,7.1,7.1,3474,8,1285,1453,287
Bone Tomahawk,2015,females,6.9,438,521,1187,1627,867,376,192,104,104,132,6.9,8.5,7.0,6.9,7.0,5548,2,853,2927,1335
The Fearless Vampire Killers,1967,females,7.3,570,419,740,767,422,185,85,42,47,75,7.3,6.0,7.3,7.3,7.2,3352,2,460,1924,836
Don't Breathe,2016,females,7.0,2159,2601,6811,9195,5004,2024,788,411,260,350,7.0,6.7,7.1,6.9,6.9,29603,41,10444,13190,2607
Midsommar,2019,females,7.0,3016,3972,7565,7706,4196,2190,1148,842,709,1612,7.0,7.2,7.2,6.9,6.5,32956,82,11705,14255,3281
Don't Look Now,1973,females,7.0,709,817,1355,1494,878,436,260,154,115,150,7.0,6.5,7.1,6.9,7.2,6368,4,920,3469,1738
Black Christmas,1974,females,7.1,741,470,947,1226,634,314,160,91,53,87,7.1,9.0,7.0,7.1,7.2,4723,9,795,2694,1025
Stree,2018,females,7.4,347,327,398,311,149,54,33,21,16,33,7.4,7.2,7.5,7.4,6.4,1689,8,501,639,92
Saw,2004,females,7.5,8256,6763,13066,10060,4395,2117,1030,713,497,1189,7.5,7.5,7.5,7.5,7.3,48086,51,12232,28798,4526
Re-Animator,1985,females,7.0,603,469,1002,1295,709,324,171,91,59,119,7.0,7.0,7.1,6.9,6.9,4842,2,850,2795,957
Videodrome,1983,females,7.0,728,735,1640,2042,1066,513,268,127,100,191,7.0,7.3,7.1,7.0,6.9,7410,3,1519,4251,1317
In the Mouth of Madness,1994,females,7.0,666,565,1195,1562,878,459,210,124,102,111,7.0,5.0,6.9,6.9,7.0,5872,1,794,3588,1238
Ringu,1998,females,7.2,1050,1007,2266,2510,1175,531,232,120,82,120,7.2,5.3,7.0,7.3,7.5,9093,3,1734,5651,1352
Cube,1997,females,7.2,2369,2962,6430,6639,3529,1577,697,383,248,423,7.2,7.4,7.0,7.2,7.2,25257,8,5574,15625,2795
From Dusk Till Dawn,1996,females,7.2,3161,3201,6953,7681,3983,1777,839,494,371,567,7.2,7.0,7.1,7.2,7.1,29027,9,4775,17595,5158
A Tale of Two Sisters,2003,females,7.3,1690,1526,2837,2616,1389,607,259,151,97,167,7.3,7.8,7.3,7.3,7.4,11339,4,2531,7156,1183
Audition,1999,females,7.0,816,1088,2286,2511,1367,715,312,200,148,242,7.0,8.3,6.9,6.9,7.1,9685,3,1869,6051,1399
Poltergeist,1982,females,7.4,3157,2713,5624,5469,2736,1145,466,267,188,212,7.4,7.6,7.0,7.3,7.9,21977,33,4012,11862,4852
The Descent,2005,females,7.1,3542,3563,6652,6714,3738,1792,916,545,385,561,7.1,6.5,7.0,7.1,7.3,28408,19,6114,17076,3800
Gremlins,1984,females,7.2,3027,2457,6303,8061,4087,1548,658,324,203,218,7.2,6.9,7.1,7.2,7.3,26886,28,4958,15643,4664
The Return of the Living Dead,1985,females,7.1,912,660,1176,1126,661,296,131,91,61,125,7.1,8.5,7.1,7.1,7.1,5239,2,603,2903,1517
Angel Heart,1987,females,7.2,892,900,1885,2050,1082,454,217,115,82,137,7.2,6.0,7.0,7.1,7.2,7814,3,852,4001,2645
The Lost Boys,1987,females,7.6,5543,3142,5200,5250,2461,905,374,180,119,147,7.6,7.8,7.5,7.5,7.8,23321,12,3471,12910,5634
Dead Ringers,1988,females,7.2,535,629,1321,1242,695,299,151,64,46,88,7.2,8.0,7.5,7.2,7.1,5070,4,728,2603,1534
They Live,1988,females,7.2,1070,825,1846,2144,1211,506,203,115,72,149,7.2,7.1,7.2,7.2,7.2,8141,6,1378,4467,1894
Scream,1996,females,7.3,7125,4890,9723,11450,6065,2712,1213,708,483,685,7.3,7.8,7.4,7.2,7.2,45054,76,9629,27313,5590
Twin Peaks: Fire Walk with Me,1992,females,7.3,2012,1465,2816,2966,1691,749,294,177,140,198,7.3,6.8,7.4,7.4,7.1,12508,8,2585,6984,2333
Sleepy Hollow,1999,females,7.5,9276,8756,17970,16565,7174,2656,981,488,265,281,7.5,7.2,7.5,7.5,7.5,64412,24,13630,39771,7889
Sweeney Todd: The Demon Barber of Fleet Street,2007,females,7.6,18616,13177,20688,17029,8368,3466,1676,937,613,1074,7.6,7.1,7.8,7.5,7.3,85644,32,24535,49790,7058
An American Crime,2007,females,7.5,1336,1217,2573,2371,919,283,117,57,25,67,7.5,9.0,7.6,7.5,7.5,8965,3,2089,5319,1143
It,2017,females,7.3,9136,8584,15321,14497,7389,3666,1678,1030,740,1273,7.3,7.4,7.4,7.3,7.3,63314,140,22461,26999,5686
Split,2016,females,7.4,8255,9567,18550,17496,7816,2758,1084,531,317,579,7.4,7.5,7.5,7.4,7.4,66953,59,23133,29561,6055
The Conjuring 2,2016,females,7.3,4239,3788,8132,8521,4145,1628,659,326,183,226,7.3,6.9,7.3,7.3,7.4,31847,60,11198,14078,2702
Dawn of the Dead,2004,females,7.2,2953,2675,5846,6389,3141,1404,585,364,218,416,7.2,7.6,7.1,7.2,7.3,23991,5,4385,15146,3378
Doctor Sleep,2019,females,7.3,2409,2647,5475,5045,2389,997,454,246,184,268,7.3,6.8,7.3,7.3,7.4,20114,25,5072,9790,2962
The Rocky Horror Picture Show,1975,females,7.9,10652,5486,7701,6088,2545,1139,534,339,255,391,7.9,7.3,7.9,7.9,7.9,35130,26,8935,18828,5382
Hereditary,2018,females,7.0,3656,4528,7661,7637,4613,2566,1488,1046,870,1842,7.0,7.5,7.2,6.9,6.5,35907,60,11734,16126,3934
Carrie,1976,females,7.4,4106,3868,8556,8860,3576,1368,572,275,189,247,7.4,7.7,7.4,7.4,7.7,31617,36,6933,17387,5553
A Quiet Place Part II,2020,females,7.4,1988,1986,4519,4559,1856,633,214,130,101,101,7.4,7.5,7.4,7.3,7.5,16087,54,4613,7390,2131
House,1977,females,7.3,386,277,577,570,286,149,70,38,27,33,7.3,8.0,7.7,7.2,7.0,2413,6,759,1216,294
Eraserhead,1977,females,7.3,1751,1632,2606,2346,1109,585,317,213,189,373,7.3,7.5,7.4,7.3,7.0,11121,15,2995,5880,1739
Suspiria,1977,females,7.3,1507,1368,2633,2524,1427,758,281,157,143,222,7.3,7.6,7.5,7.3,7.0,11020,19,2709,5986,1763
Dracula,1992,females,7.6,6420,5018,8230,6841,3509,1677,791,424,296,387,7.6,6.1,7.3,7.6,7.7,33593,13,5311,20171,6390
Possession,1981,females,7.3,556,481,808,691,343,205,115,72,43,122,7.3,6.0,7.6,7.2,6.8,3436,1,946,1741,542
Invasion of the Body Snatchers,1978,females,7.4,511,651,1372,1493,643,246,106,53,38,57,7.4,9.0,7.4,7.3,7.4,5170,1,612,2561,1779
Pi,1998,females,7.4,2269,2638,4651,3779,1739,814,413,273,193,336,7.4,6.1,7.4,7.4,7.2,17105,6,3137,10973,2392
The Devil's Backbone,2001,females,7.5,1118,1387,2738,2270,946,341,136,77,54,75,7.5,8.5,7.4,7.5,7.8,9142,2,1405,5808,1599
Thesis,1996,females,7.5,743,814,1520,1247,530,183,81,43,48,70,7.5,10.0,7.7,7.5,7.5,5279,2,875,3382,815
The Orphanage,2007,females,7.6,4262,4997,9143,7030,2981,1150,459,211,128,221,7.6,6.2,7.5,7.6,7.6,30582,10,7111,19168,3085
Dracula,1931,females,7.6,1151,761,1481,1362,596,207,96,40,28,40,7.6,7.2,7.4,7.5,7.9,5762,6,1117,2893,1536
The Haunting,1963,females,7.6,1027,682,1352,1202,656,391,116,89,49,81,7.6,6.0,7.4,7.4,7.9,5645,3,627,2860,1956
REC,2007,females,7.2,2459,2721,5635,4858,2537,1292,691,403,348,491,7.2,6.8,7.0,7.2,7.2,21435,11,5547,13032,1892
The Texas Chain Saw Massacre,1974,females,7.1,2134,1590,3390,3341,1793,945,439,297,229,405,7.1,7.3,7.1,7.2,7.1,14563,44,3374,7964,2443
The Evil Dead,1981,females,7.2,2925,2063,4218,3864,2091,1091,522,341,242,433,7.2,6.8,7.1,7.3,7.3,17790,27,3608,10280,2849
The Wicker Man,1973,females,7.3,1440,1034,2207,1875,1053,632,219,160,160,183,7.3,7.3,7.4,7.2,7.4,8963,7,1491,4753,2380
The Omen,1976,females,7.5,1855,1919,4418,3775,1563,629,288,111,85,128,7.5,7.5,7.3,7.4,7.8,14771,21,2706,8057,3326
An American Werewolf in London,1981,females,7.4,1360,1324,2561,2398,1204,512,188,134,80,106,7.4,7.0,7.2,7.3,7.7,9867,11,1521,4969,2863
A Nightmare on Elm Street,1984,females,7.4,5016,3485,7690,7320,3416,1464,589,360,223,324,7.4,7.5,7.4,7.4,7.5,29887,54,7056,16440,4618
Nosferatu the Vampyre,1979,females,7.6,465,597,991,731,357,177,60,49,41,54,7.6,7.0,7.6,7.5,7.7,3522,2,609,1954,837
Deep Red,1975,females,7.4,490,420,952,803,494,267,92,49,48,75,7.4,6.6,7.5,7.5,7.2,3690,6,593,2045,901
Jacob's Ladder,1990,females,7.4,1307,1495,3003,2650,1229,503,210,132,83,146,7.4,6.0,7.4,7.4,7.4,10758,2,1910,5977,2443
The Fly,1986,females,7.3,1430,1827,4849,4667,2040,935,386,213,133,220,7.3,7.6,7.4,7.2,7.3,16700,9,2618,9653,3655
Interview with the Vampire: The Vampire Chronicles,1994,females,7.8,12327,11191,18803,14193,5689,2196,913,510,304,424,7.8,7.5,7.7,7.8,7.6,66550,18,13237,41727,8281
Army of Darkness,1992,females,7.4,2320,1553,2796,2282,1307,627,315,192,148,276,7.4,6.9,7.1,7.4,7.4,11816,8,1417,7265,2549
The Conjuring,2013,females,7.5,11791,11242,20089,17280,7774,3075,1284,667,437,624,7.5,7.4,7.5,7.5,7.5,74263,72,25196,34566,6767
Dead Alive,1992,females,7.2,1312,987,1787,1362,800,423,224,155,145,275,7.2,5.0,7.2,7.3,7.1,7470,1,1114,4928,1159
Grindhouse,2007,females,7.7,4193,2666,3995,2731,1166,564,270,216,201,1206,7.7,6.0,7.7,7.7,7.2,17208,2,1822,11946,2877
Eyes Without a Face,1960,females,7.7,471,590,1118,936,330,135,36,31,16,30,7.7,7.4,7.7,7.6,7.8,3693,6,845,1997,695
The Birds,1963,females,7.7,3773,4187,8260,6285,2549,1026,414,193,153,214,7.7,7.9,7.5,7.7,8.0,27054,17,5672,14619,5535
Peeping Tom,1960,females,7.6,447,578,1053,799,379,167,71,35,14,39,7.6,7.4,7.7,7.5,7.6,3582,5,670,1978,801
Invasion of the Body Snatchers,1956,females,7.6,609,625,1446,1072,461,177,62,43,26,74,7.6,7.2,7.3,7.5,7.8,4595,4,635,2183,1638
Evil Dead II,1987,females,7.4,2165,1558,2931,2251,1081,624,317,184,142,267,7.4,7.4,7.4,7.4,7.4,11520,19,1831,6899,2184
Halloween,1978,females,7.5,6122,3745,6921,5850,3017,1289,584,387,239,371,7.5,8.0,7.3,7.5,7.9,28525,57,6303,15260,5214
Vampire Hunter D: Bloodlust,2000,females,7.8,747,542,941,589,226,123,54,25,25,47,7.8,8.0,7.7,7.9,7.3,3319,1,513,2276,417
Repulsion,1965,females,7.7,1035,1254,1966,1374,585,266,117,76,51,110,7.7,7.3,7.7,7.7,7.6,6834,3,1449,3787,1334
What We Do in the Shadows,2014,females,7.9,5729,5253,8311,5184,1812,680,267,155,106,173,7.9,8.1,8.0,7.9,7.9,27670,16,8027,14373,3040
Get Out,2017,females,7.7,10677,12678,21683,15407,6166,2378,1104,625,435,853,7.7,7.8,7.9,7.6,7.6,72006,72,24187,31881,7611
Predator,1987,females,7.3,2860,2364,5582,4953,2610,1216,546,306,194,244,7.3,7.7,7.1,7.3,7.4,20875,12,2782,12135,4846
The Bride of Frankenstein,1935,females,7.6,809,598,1286,967,476,185,97,58,54,241,7.6,6.9,7.5,7.5,7.8,4771,8,726,2222,1656
Frankenstein,1931,females,7.7,1506,1025,2045,1428,627,250,114,76,63,198,7.7,6.4,7.5,7.6,8.0,7332,9,1292,3470,2307
The Innocents,1961,females,7.8,729,749,1287,876,378,147,78,30,20,35,7.8,7.5,7.8,7.7,7.9,4329,2,615,2293,1267
I Saw the Devil,2010,females,7.6,1721,1929,3291,2271,978,431,198,125,95,219,7.6,8.7,7.7,7.6,7.7,11258,6,2724,6439,1351
Freaks,1932,females,8.0,1283,1217,1896,1106,442,204,78,46,25,71,8.0,6.0,8.0,8.0,8.1,6368,1,1096,3545,1486
King Kong,1933,females,7.5,1402,858,1790,1404,683,357,164,126,99,263,7.5,7.2,7.3,7.4,7.7,7146,7,851,3572,2521
Dawn of the Dead,1978,females,7.5,1544,1229,2446,1720,793,397,188,114,94,321,7.5,7.3,7.5,7.5,7.6,8846,11,1205,5245,2063
Let the Right One In,2008,females,7.8,5851,6623,9446,5662,2498,1167,616,388,353,787,7.8,6.7,7.6,7.8,7.9,33391,7,6658,21238,4361
Night of the Living Dead,1968,females,7.7,2169,1826,3348,2176,1108,490,172,125,83,203,7.7,7.6,7.5,7.7,7.9,11700,21,1968,6567,2639
The Exorcist,1973,females,7.8,9437,8570,14451,9633,4396,2110,964,580,432,919,7.8,7.7,7.6,7.8,8.1,51492,55,10474,29302,9059
Rosemary's Baby,1968,females,7.9,6030,6379,10550,6338,2615,1094,548,315,273,562,7.9,8.1,7.9,7.8,7.9,34704,37,7179,19201,6681
Nosferatu,1922,females,7.9,2485,2177,3618,1967,798,402,173,102,127,543,7.9,7.9,7.8,7.9,8.2,12392,9,2500,6838,2599
Shaun of the Dead,2004,females,7.9,13660,11651,17817,10513,4424,1834,857,558,408,1219,7.9,8.2,7.8,7.9,8.0,62941,23,14705,36813,8129
Diabolique,1955,females,8.0,1275,1507,2166,1130,392,249,95,64,51,318,8.0,6.0,8.1,8.0,8.0,7247,4,1102,3724,2139
The Cabinet of Dr. Caligari,1920,females,8.1,1706,1686,2380,1177,407,186,98,74,50,424,8.1,8.4,8.1,8.2,8.1,8188,9,1977,4324,1561
The Thing,1982,females,7.7,5123,5338,8549,6023,2843,1392,577,370,275,771,7.7,8.0,7.7,7.7,7.8,31261,41,6067,16420,7023
The Blue Elephant,2014,females,7.8,961,321,277,157,116,48,27,11,15,98,7.8,8.0,8.1,7.7,5.8,2031,1,1003,803,70
What Ever Happened to Baby Jane?,1962,females,8.3,2628,2460,3322,1518,468,197,77,34,38,76,8.3,7.0,8.3,8.2,8.4,10818,7,1652,5256,3383
Demon Slayer: Mugen Train,2020,females,8.1,570,413,442,239,73,38,17,12,11,97,8.1,7.9,8.4,8.0,5.8,1912,16,796,633,175
The Shining,1980,females,8.3,29542,33966,33197,17613,7052,3289,1601,980,698,1229,8.3,8.7,8.2,8.3,8.3,129167,120,36494,65989,17464
Alien,1979,females,8.2,16532,18824,20780,12070,4555,1999,1009,523,403,737,8.2,8.5,8.0,8.2,8.5,77432,71,15333,40822,16332
Tumbbad,2018,females,7.6,341,281,281,193,82,48,26,10,13,46,7.6,8.0,7.7,7.6,6.8,1321,4,340,566,133
