Name,Year,User_Type,Rating,vote10m,vote9m,vote8m,vote7m,vote6m,vote5m,vote4m,vote3m,vote2m,vote1m,Rate_Male,Rate_<18m,Rate_18-29m,Rate_30-44m,Rate_45+m,Number_Male,Number_<18m,Number_18-29m,Number_30-44m,Number_45+m
The Fly,1986,males,7.6,10089,15490,39687,32512,11422,3703,1404,717,373,593,7.6,8.0,7.7,7.6,7.5,115990,46,14846,69205,26819
The Wailing,2016,males,7.5,3252,5868,11518,9438,4029,1759,772,445,246,426,7.5,7.5,7.8,7.4,7.0,37753,22,9020,20925,4842
Godzilla,1954,males,7.5,3639,2717,5979,5475,2422,971,368,175,115,199,7.5,7.9,7.8,7.5,7.3,22060,22,4287,11380,5385
The Lighthouse,2019,males,7.4,9869,15295,26698,21611,10956,5347,2728,1713,1152,1782,7.4,8.3,7.9,7.3,6.7,97151,190,29063,45686,12876
Psycho,1960,males,8.5,88505,103803,98779,46092,14826,5504,2276,1269,830,2962,8.5,8.9,8.6,8.5,8.5,364846,263,74742,195130,73595
Zombieland,2009,males,7.6,37842,53112,119305,91532,32752,10541,3870,1993,1210,2192,7.6,7.6,7.6,7.6,7.4,354349,200,84472,207019,41049
28 Days Later...,2002,males,7.6,25707,39386,87101,67319,24639,8982,3815,1979,1168,1982,7.6,7.7,7.5,7.6,7.4,262078,72,41511,167904,40519
Saw,2004,males,7.6,35552,41257,84401,57962,21239,8874,4081,2419,1728,3851,7.6,8.0,7.6,7.7,7.3,261364,150,50629,168818,29778
Tucker and Dale vs Evil,2010,males,7.5,13237,16872,40162,33505,12692,4139,1441,720,369,713,7.5,7.6,7.5,7.5,7.5,123850,23,24026,78084,16045
A Quiet Place,2018,males,7.5,21160,36747,79607,63485,25836,9900,4473,2614,1662,2828,7.5,7.6,7.6,7.4,7.3,248312,332,64292,123226,32653
Invasion of the Body Snatchers,1956,males,7.7,3879,4909,11130,7800,2867,989,328,176,88,246,7.7,8.3,7.7,7.6,7.9,32412,10,3418,15878,12072
The Skin I Live In,2011,males,7.6,7267,13851,30058,21498,8143,3196,1387,768,489,1036,7.6,7.7,7.8,7.6,7.3,87693,21,14823,55092,13700
The Invisible Man,1933,males,7.7,2654,3030,7384,5652,2134,709,285,97,66,401,7.7,7.9,7.8,7.6,7.6,22412,20,3293,10626,7640
Stree,2018,males,7.5,3068,3028,4663,3756,1493,570,217,149,91,268,7.5,7.6,7.7,7.4,6.6,17303,35,6502,6977,495
The Others,2001,males,7.6,19329,30187,68193,53259,20063,6959,2640,1260,759,1318,7.6,8.0,7.6,7.5,7.6,203967,65,30066,127170,37825
Train to Busan,2016,males,7.5,9578,14989,35996,30930,11230,3708,1408,673,421,670,7.5,8.1,7.7,7.4,7.4,109603,147,28852,56525,13614
10 Cloverfield Lane,2016,males,7.2,8718,17844,56121,64945,26979,8871,3163,1621,891,1584,7.2,7.3,7.4,7.2,7.1,190737,75,44247,104151,26055
The Wolf Man,1941,males,7.3,1919,1722,4453,5399,2572,976,330,143,66,91,7.3,7.3,7.3,7.2,7.3,17671,18,2318,8644,6051
Poltergeist,1982,males,7.3,8879,10577,27191,27248,12070,4533,1908,916,498,755,7.3,7.5,7.1,7.3,7.6,94575,64,12404,51702,25954
Dead Ringers,1988,males,7.2,2730,3580,7664,7986,4118,1710,744,374,257,338,7.2,7.4,7.4,7.3,7.1,29501,7,3367,15971,9138
Last Night in Soho,2021,males,7.1,1951,3117,8632,9336,4692,1830,778,384,230,388,7.1,8.0,7.3,7.0,7.1,31338,66,9245,14755,4362
Sweeney Todd: The Demon Barber of Fleet Street,2007,males,7.3,24690,26640,52638,48575,23866,10479,4958,2760,1824,3579,7.3,7.8,7.5,7.3,6.9,200009,46,36076,130686,24862
They Live,1988,males,7.3,9446,9096,21935,24780,11834,4569,1745,873,456,654,7.3,7.8,7.3,7.3,7.2,85388,34,11561,49359,20408
Dawn of the Dead,2004,males,7.3,17052,19245,49195,50698,21476,7489,3016,1475,886,1744,7.3,7.0,7.2,7.3,7.3,172276,41,26135,112880,25991
Angel Heart,1987,males,7.3,5479,7057,16230,17041,7850,3101,1120,539,296,506,7.3,7.0,7.2,7.2,7.4,59219,8,4856,32166,20001
The Return of the Living Dead,1985,males,7.3,6286,4355,9765,10867,5295,2030,879,449,268,382,7.3,7.3,7.4,7.3,7.3,40576,6,3998,24050,10844
Scream,1996,males,7.2,19910,18713,43859,54970,25825,9786,4110,2174,1452,2279,7.2,8.1,7.5,7.2,7.1,183078,151,29690,114557,30193
Sleepy Hollow,1999,males,7.3,14752,21222,59646,63895,26875,9276,3226,1368,731,855,7.3,7.3,7.3,7.3,7.3,201846,44,26456,129413,37361
World War Z,2013,males,6.9,24468,32227,92848,133090,70019,27185,10870,5520,3029,4490,6.9,7.1,7.0,6.9,6.9,403746,183,95128,219136,52681
An American Crime,2007,males,7.2,1596,2008,5261,5941,2580,900,379,179,142,245,7.2,9.0,7.3,7.2,7.1,19231,2,2101,12788,3770
Twin Peaks: Fire Walk with Me,1992,males,7.2,7548,6950,13377,14800,7681,3566,1692,1028,603,846,7.2,7.3,7.5,7.2,7.0,58091,27,8707,33122,13632
The Fog,1980,males,6.8,3782,3317,8897,14742,9854,4142,1660,795,368,398,6.8,7.0,6.7,6.7,6.9,47955,22,4727,26104,15171
Cloverfield,2008,males,7.0,27833,30528,62746,71559,37877,17096,8333,4967,3593,7844,7.0,7.0,7.0,7.1,6.8,272376,66,40734,179916,40340
Orphan,2009,males,6.9,7942,9370,25125,37373,19493,7810,3260,1607,926,1422,6.9,7.1,7.0,6.9,6.8,114328,63,25167,68949,14275
Scanners,1981,males,6.8,1942,2246,7102,12607,8122,3124,1223,558,270,310,6.8,6.9,6.8,6.8,6.8,37504,8,3739,21184,11078
Planet Terror,2007,males,7.1,13608,15831,37299,41504,21538,9635,4494,2666,1743,3074,7.1,6.4,7.0,7.1,6.9,151392,21,17488,105557,22771
Dead Calm,1989,males,6.8,1101,1343,4821,9110,5486,2031,717,281,151,193,6.8,7.2,6.7,6.7,6.9,25234,4,1179,12505,10752
Ginger Snaps,2000,males,6.7,2224,2005,5042,7566,5029,2319,1005,493,356,527,6.7,6.8,7.0,6.7,6.7,26566,5,2555,16205,6892
Phenomena,1985,males,6.8,1451,1410,3303,4832,3187,1561,738,396,255,249,6.8,6.8,6.9,6.8,6.6,17382,7,1762,10132,4889
High Tension,2003,males,6.8,3949,4216,9662,13079,8093,3840,2063,1161,793,1326,6.8,7.1,6.6,6.8,6.7,48182,10,4755,32703,9143
From Hell,2001,males,6.8,4326,5466,17747,33112,20168,7628,2895,1230,619,769,6.8,5.4,6.7,6.7,6.8,93960,7,8061,63217,19415
Dog Soldiers,2002,males,6.8,3726,3534,8679,11845,6967,3150,1497,877,477,744,6.8,9.7,6.8,6.7,6.9,41496,3,3461,26491,10197
The Loved Ones,2009,males,6.6,1547,1805,4722,7538,5084,2363,1123,621,417,628,6.6,6.0,6.7,6.6,6.6,25848,6,4219,16184,4364
Halloween,2018,males,6.5,5062,4547,12770,21626,16881,8420,3869,2067,1166,1802,6.5,6.8,6.7,6.5,6.4,78210,123,18553,40008,11683
eXistenZ,1999,males,6.8,4060,5977,14405,19535,11799,5266,2648,1420,921,1343,6.8,6.8,6.9,6.9,6.7,67374,7,5132,43195,16988
Pontypool,2008,males,6.6,1345,1633,4092,6015,4113,2090,1086,634,385,537,6.6,7.0,6.6,6.6,6.6,21930,1,2232,13977,5018
You're Next,2011,males,6.5,3092,3382,9803,17916,13355,6337,2840,1523,889,1111,6.5,6.9,6.6,6.5,6.5,60248,27,13166,34330,8907
The Final Girls,2015,males,6.5,1501,1227,3836,7686,6417,2969,1204,553,312,374,6.5,7.2,6.6,6.5,6.4,26079,22,4504,15446,4546
Insidious: Chapter 2,2013,males,6.5,6805,5548,15073,27945,21651,9791,4338,1895,1105,1258,6.5,6.8,6.7,6.5,6.2,95409,64,27515,49924,9734
Bird Box,2018,males,6.5,5706,7148,24596,48993,36610,15867,6815,3718,2148,3125,6.5,6.3,6.5,6.5,6.5,154726,180,37154,78936,21284
Overlord,2018,males,6.6,2380,2706,10184,20450,14820,5838,2246,1102,613,915,6.6,7.4,6.7,6.5,6.5,61254,28,11775,32463,11338
The Exorcist III,1990,males,6.4,1625,1435,3218,4468,4178,2592,1357,825,387,381,6.4,7.0,6.7,6.4,6.4,20466,4,1814,11022,6883
Hellbound: Hellraiser II,1988,males,6.5,2752,1983,4470,7640,7094,3638,1687,839,479,517,6.5,6.6,6.4,6.5,6.4,31099,19,3178,18696,7900
New Nightmare,1994,males,6.4,2822,2095,5232,9547,8526,4368,1989,996,550,792,6.4,6.4,6.6,6.4,6.2,36917,44,5028,23628,6647
Alien 3,1992,males,6.5,9064,8849,26104,55520,50386,22055,9827,5746,4096,5368,6.5,5.7,6.2,6.5,6.5,197015,72,22744,121002,42936
The Blair Witch Project,1999,males,6.5,13577,13420,26635,33522,24371,13874,8000,5659,4451,9001,6.5,6.9,6.7,6.6,6.2,152510,91,21923,93455,31058
Lights Out,2016,males,6.3,2701,2363,8276,19170,18937,8927,3592,1597,797,785,6.3,6.2,6.4,6.3,6.3,67145,77,18346,34537,8067
The Bar,2017,males,6.3,374,465,1880,4423,4128,1847,770,362,189,224,6.3,5.8,6.4,6.3,6.4,14662,9,2383,8190,2799
The Faculty,1998,males,6.5,4343,3404,11231,22372,19560,8769,3652,1601,758,862,6.5,7.6,6.7,6.5,6.3,76552,17,5876,53529,14393
1922,2017,males,6.3,791,760,3674,10174,10433,4708,1763,748,349,407,6.3,6.9,6.4,6.2,6.2,33807,21,7145,17908,5861
The Ritual,2017,males,6.3,1284,1638,6430,15017,14463,6489,2499,1087,539,672,6.3,6.8,6.4,6.4,6.3,50118,26,11404,27096,7205
Apostle,2018,males,6.3,812,1051,3868,8169,7924,3932,1707,859,490,627,6.3,7.2,6.5,6.3,6.1,29439,20,6275,15836,4803
Hotel Transylvania 3: Summer Vacation,2018,males,6.2,1565,908,3104,7971,9771,4668,1759,786,403,525,6.2,5.8,6.2,6.1,6.1,31460,118,7701,15938,4352
Haunt,2019,males,6.3,576,482,1642,4060,4135,1996,784,418,205,226,6.3,5.6,6.4,6.2,6.2,14524,16,2888,8036,2363
The Conjuring: The Devil Made Me Do It,2021,males,6.2,2065,1393,4894,12218,13403,6376,2401,1089,518,572,6.2,6.5,6.2,6.2,6.2,44929,152,12146,22198,5789
Resident Evil: Extinction,2007,males,6.2,10153,5653,15581,33268,34919,17878,8243,4274,2295,3248,6.2,5.7,6.3,6.1,6.3,135512,22,22053,89736,18145
Vacancy,2007,males,6.2,3258,2326,7485,17349,18783,9186,3868,1858,1030,1090,6.2,6.6,6.3,6.2,6.2,66233,15,8319,44349,11420
Dead Silence,2007,males,6.1,4146,2727,7001,12887,13422,7585,3805,2071,1112,1384,6.1,6.1,6.4,6.1,5.9,56140,29,12466,34442,6771
Rogue,2007,males,6.2,1084,709,2468,5693,5762,2750,1160,583,300,521,6.2,6.3,6.1,6.2,6.3,21030,3,2370,13202,4817
The Strangers,2008,males,6.1,5151,4068,10387,17780,17366,10265,5622,3343,2129,3165,6.1,5.4,6.2,6.1,6.0,79276,46,13480,51048,11546
Saw VI,2009,males,6.0,5868,3061,7358,14422,20062,11171,4935,2630,1524,2606,6.0,6.6,6.1,6.0,5.8,73637,46,18210,44982,6943
The Taking of Deborah Logan,2014,males,6.0,617,495,1787,3767,4690,2763,1240,625,338,387,6.0,3.4,6.1,6.0,5.9,16709,5,3333,9569,2757
The Purge: Election Year,2016,males,6.0,1952,1383,4855,13364,18207,9600,3938,1927,1040,1472,6.0,6.3,6.1,5.9,5.9,57738,43,15134,30045,7161
Victor Frankenstein,2015,males,5.9,1011,679,2564,6889,10257,5865,2488,1080,510,519,5.9,5.5,6.1,5.8,5.9,31862,12,6262,17526,5768
Saw III,2006,males,6.2,10639,6204,14915,28785,32083,16577,7869,4301,2316,3905,6.2,6.5,6.3,6.1,6.0,127594,70,25011,84722,12662
Circle,2015,males,6.0,760,929,3093,6880,7859,4470,2078,1112,639,771,6.0,5.8,6.1,6.0,6.0,28591,41,7742,15335,3347
Captive State,2019,males,6.0,3978,3953,2657,5586,6099,3764,1838,956,588,768,6.0,6.5,5.8,6.0,6.0,30187,2,5514,16945,5918
Case 39,2009,males,6.1,2090,1832,5461,12631,13766,6927,2962,1555,795,825,6.1,5.6,6.2,6.1,6.2,48844,7,7806,30090,8853
Cujo,1983,males,6.1,1181,709,2584,5972,8068,4719,2118,1085,492,477,6.1,6.1,6.0,6.0,6.1,27405,16,2733,14903,8577
Friday the 13th Part 2,1981,males,6.1,3008,1751,4418,8557,11886,6807,2867,1403,741,709,6.1,6.2,6.1,6.1,6.0,42147,54,6499,24368,9121
Unfriended: Dark Web,2018,males,6.0,728,598,1895,3679,4147,2430,1092,658,415,682,6.0,5.9,6.0,6.0,5.7,16324,44,4597,8037,2073
Pride and Prejudice and Zombies,2016,males,5.7,879,622,2043,5319,7271,5021,2618,1322,704,908,5.7,6.2,5.6,5.6,5.9,26707,4,4338,14422,5966
The Divide,2011,males,5.8,1565,1215,2946,5124,5815,4198,2486,1393,986,1409,5.8,6.5,6.0,5.8,5.6,27137,2,2689,17710,5854
Curse of Chucky,2013,males,5.6,1925,694,1866,3848,5696,4562,2484,1455,842,950,5.6,6.2,5.7,5.6,5.5,24322,28,5197,14422,3107
Rubber,2010,males,5.8,1803,1300,3165,5028,4957,3245,2040,1397,1190,1967,5.8,5.2,5.8,5.8,5.7,26092,4,5111,15823,4094
Final Destination 5,2011,males,5.8,4790,2372,6601,14301,20589,14247,6454,3203,1813,2186,5.8,6.1,5.9,5.8,5.9,76556,40,19008,45008,9062
Buffy the Vampire Slayer,1992,males,5.5,1009,503,1560,3713,6068,5207,2830,1554,788,782,5.5,6.0,5.4,5.5,5.6,24014,1,1148,14612,7465
The Addams Family,2019,males,5.7,635,354,1205,3130,4966,3686,1526,707,412,482,5.7,5.0,5.7,5.7,5.8,17103,35,3133,9038,3342
I Spit on Your Grave,1978,males,5.6,1177,684,1737,3219,4224,3027,1710,1024,759,1157,5.6,5.5,5.6,5.6,5.7,18718,6,2014,10967,5126
Ma,2019,males,5.6,592,384,1425,4283,7652,5725,2597,1235,671,746,5.6,4.4,5.4,5.6,5.7,25310,27,5190,13100,4686
The Meg,2018,males,5.6,3109,1732,5809,16643,26611,19437,9593,4915,2652,2563,5.6,5.6,5.6,5.5,5.7,93064,117,18435,48047,16907
Teeth,2007,males,5.4,1110,672,2041,4533,6067,4992,3062,1933,1382,1903,5.4,4.8,4.9,5.4,5.7,27695,6,3534,18397,4998
Friday the 13th Part III,1982,males,5.7,2418,1156,2771,5399,8172,7091,3529,1880,843,764,5.7,5.7,5.7,5.7,5.5,34023,34,5138,19804,7417
A Nightmare on Elm Street 4: The Dream Master,1988,males,5.6,2100,834,2451,5575,9180,8280,3937,1714,790,622,5.6,5.5,5.6,5.7,5.5,35483,23,4776,21848,7216
My Bloody Valentine,2009,males,5.4,2182,1054,2550,5565,8330,7436,4137,2565,1541,1658,5.4,4.3,5.4,5.4,5.5,37018,5,5774,24422,5731
Countdown,2019,males,5.3,544,261,862,2521,4349,3730,2014,1147,659,598,5.3,4.3,5.2,5.3,5.5,16685,29,4012,8361,2724
Poltergeist II: The Other Side,1986,males,5.6,763,361,1235,2800,4763,3843,1867,838,424,334,5.6,5.2,5.5,5.7,5.6,17228,4,1119,9188,6239
Resident Evil: Retribution,2012,males,5.3,7701,2699,6380,12880,19889,19811,11633,7245,4641,5467,5.3,5.0,5.6,5.2,5.4,98346,21,19530,60186,13085
Annabelle,2014,males,5.4,3365,1742,4971,12266,20782,18012,9724,5320,2863,3058,5.4,5.4,5.3,5.4,5.4,82103,100,24706,40512,8678
The Mummy,2017,males,5.4,3677,1921,6217,17904,29630,24643,12685,7104,3840,3957,5.4,4.6,5.4,5.4,5.5,111578,63,21307,59881,19468
The Grudge 2,2006,males,5.0,1796,674,1614,3279,5545,6787,4527,2686,1701,2127,5.0,4.5,5.2,5.0,5.0,30736,7,5191,20010,4525
An American Haunting,2005,males,4.9,891,438,796,1599,2496,3186,2152,1414,847,1501,4.9,5.0,4.9,4.8,5.1,15320,1,922,9517,4589
See No Evil,2006,males,5.0,1437,417,984,2131,3531,4184,2549,1568,951,1183,5.0,5.0,5.1,5.0,5.0,18935,1,2552,12816,3004
Stay Alive,2006,males,4.9,1446,473,1068,2178,3326,3671,2735,1896,1321,1582,4.9,5.2,5.3,4.9,4.8,19696,4,3070,13184,2920
Spawn,1997,males,5.2,3147,1160,3135,6848,10275,10057,6243,3876,2444,2473,5.2,4.9,5.2,5.3,5.1,49658,10,4035,34808,9029
When a Stranger Calls,2006,males,5.0,1521,553,1460,3081,4925,5393,3535,2408,1608,2157,5.0,5.0,5.3,4.9,5.0,26641,8,4340,17048,4350
The Hills Have Eyes 2,2007,males,5.1,2042,762,2145,5137,9342,10288,6121,3506,2053,2291,5.1,5.6,5.2,5.1,5.1,43687,6,7167,28698,6124
Rings,2017,males,4.4,686,205,649,1667,3510,5231,4297,2929,1883,1780,4.4,2.9,4.3,4.4,4.7,22837,11,5496,12136,3234
Scooby-Doo 2: Monsters Unleashed,2004,males,4.9,2095,554,1450,3201,5265,6801,4665,2742,1717,1612,4.9,5.2,5.1,4.7,5.0,30102,48,10566,13334,4384
Friday the 13th Part VIII: Jason Takes Manhattan,1989,males,4.5,1484,419,1041,2057,3286,4684,4448,3091,2214,1805,4.5,3.9,4.4,4.6,4.3,24529,19,3435,15042,4986
Psycho,1998,males,4.6,909,507,1345,2933,4913,6125,4594,2914,2133,3818,4.6,3.2,4.1,4.6,4.7,30191,8,2615,19064,7581
The Island of Dr. Moreau,1996,males,4.5,825,306,811,1849,3253,4485,4156,2858,1842,1783,4.5,2.0,4.5,4.6,4.4,22168,1,773,13360,7394
Black Christmas,2006,males,4.6,1284,320,808,1501,2387,2898,2649,1939,1434,1877,4.6,5.1,4.7,4.5,4.5,17097,7,2227,11084,3278
Aliens vs. Predator: Requiem,2007,males,4.7,4780,1713,4165,8671,14238,18196,14199,9625,6929,8310,4.7,3.3,4.4,4.7,4.8,90826,27,11257,59971,16015
Manos: The Hands of Fate,1966,males,1.8,4138,147,139,181,187,258,324,670,1891,15793,1.8,1.5,2.2,1.8,1.6,23728,9,2848,15192,5092
Paranormal Activity 4,2012,males,4.5,1997,588,1598,3506,6293,8416,7174,4521,3069,4162,4.5,5.3,4.5,4.5,4.6,41324,19,10964,22695,4836
Laxmii,2020,males,2.2,781,134,136,176,245,357,374,441,826,9084,2.2,3.9,2.4,2.1,2.0,12554,65,4265,4973,439
Alone in the Dark,2005,males,2.4,1087,162,402,618,967,1781,2541,3891,5617,14435,2.4,8.0,2.0,2.3,2.7,31501,2,2150,22426,6181
Paranormal Activity: The Ghost Dimension,2015,males,4.6,527,198,621,1382,2613,3479,2808,1756,1203,1473,4.6,4.4,4.4,4.6,4.6,16060,18,3972,8532,2277
BloodRayne,2005,males,2.9,1357,220,474,780,1343,2013,2526,3551,4165,9359,2.9,2.5,2.8,2.8,3.3,25788,2,1562,18199,5498
Slender Man,2018,males,3.2,420,74,212,467,1007,1954,2708,2997,2857,3526,3.2,2.7,2.9,3.3,3.6,16222,46,4516,7531,2373
Jaws: The Revenge,1987,males,2.9,826,150,338,730,1509,2588,3883,5570,5983,7950,2.9,2.1,2.6,3.0,2.8,29527,23,3120,16469,8689
Troll 2,1990,males,2.9,2370,363,698,627,719,824,948,1826,3016,11211,2.9,1.6,2.9,2.9,2.5,22602,10,3638,14713,3454
House of the Dead,2003,males,2.0,1009,131,265,408,637,1065,1483,2391,4403,15243,2.0,2.5,1.9,1.9,2.4,27035,4,2258,19296,4834
Vampires Suck,2010,males,3.2,1944,346,762,1192,1976,2822,3433,3850,4070,7866,3.2,2.5,3.3,3.2,3.4,28261,6,7382,16717,3166
The Open House,2018,males,3.2,213,81,211,489,982,1636,2233,2353,2367,5038,3.2,1.9,3.0,3.3,3.5,15603,16,3238,7892,2648
I Know Who Killed Me,2007,males,3.5,1075,236,418,812,1169,1642,1855,1873,1998,4299,3.5,2.5,3.3,3.5,3.7,15377,3,1304,10757,3018
The Fog,2005,males,3.6,796,187,463,974,1932,3428,4148,4293,3232,4550,3.6,6.5,3.5,3.5,3.8,24003,3,2008,15284,6038
Jaws 3-D,1983,males,3.6,742,212,476,1072,2157,4006,5550,6004,4116,3701,3.6,2.6,3.3,3.7,3.7,28036,23,3185,14802,8764
The Wicker Man,2006,males,3.7,1546,410,1042,2503,4178,6124,6951,6983,6180,9392,3.7,2.0,3.6,3.7,3.8,45309,9,5154,28988,9767
Human Centipede 2: Tom Six Discusses the Story Concept,2011,males,3.9,1512,583,1274,1932,2388,2741,3008,2827,2910,5767,3.9,2.9,3.4,3.9,4.1,24942,13,5687,14225,3781
Prom Night,2008,males,3.7,1033,234,500,1017,1847,2910,3449,3160,2652,3753,3.7,2.5,4.0,3.7,3.7,20555,6,3216,13414,3319
Piranha 3DD,2012,males,3.8,1352,297,809,1572,2762,4460,5254,5106,4237,4844,3.8,2.2,3.5,3.8,3.9,30693,9,6627,17993,4627
Halloween: Resurrection,2002,males,3.9,1273,277,718,1501,2782,4428,5318,4120,3198,3370,3.9,3.6,3.8,3.9,4.1,26985,12,3717,17173,4863
Plan 9 from Outer Space,1957,males,3.9,2901,640,1024,1358,1775,2523,2846,2992,3357,5997,3.9,2.1,3.8,3.9,4.0,25413,6,2641,14414,7701
Book of Shadows: Blair Witch 2,2000,males,4.0,864,429,1008,1813,2725,3419,3803,3466,3077,3720,4.0,4.8,3.6,4.0,4.2,24324,4,1903,16574,5085
One Missed Call,2008,males,3.9,920,252,540,1152,2037,3068,3317,2862,2324,3749,3.9,3.0,4.0,3.8,4.2,20221,2,3226,13269,3219
Jason Goes to Hell: The Final Friday,1993,males,4.2,1099,344,769,1554,2456,3542,3910,2799,2221,2294,4.2,3.6,3.8,4.3,4.4,20988,19,2910,13162,3994
Shark Night,2011,males,4.0,819,174,436,997,1960,3159,3390,2944,2233,2209,4.0,3.5,4.0,3.9,4.1,18321,5,3130,10982,3476
Boogeyman,2005,males,4.1,704,226,654,1225,2182,3405,3594,2994,2132,2392,4.1,7.0,4.1,4.0,4.4,19508,1,2100,12982,3976
The Devil Inside,2012,males,4.1,1069,361,919,1643,2785,3749,3516,2854,2410,3754,4.1,3.0,3.9,4.1,4.4,23060,3,4598,13668,3691
Ouija,2014,males,4.4,1008,308,779,2049,4173,6267,5563,3672,2255,2288,4.4,3.7,4.3,4.3,4.6,28362,19,6755,14832,4439
Cell,2016,males,4.4,403,137,454,1085,2565,3864,3547,2389,1492,1613,4.4,4.1,4.1,4.3,4.5,17549,6,1905,9271,5057
Jason X,2001,males,4.4,1992,673,1691,3421,5137,6321,6024,4710,3586,4141,4.4,4.3,4.3,4.3,4.8,37696,19,4862,24478,6942
The Human Centipede (First Sequence),2009,males,4.5,2178,984,2664,5040,7396,8055,6783,5333,4224,7723,4.5,3.9,4.1,4.5,4.7,50380,23,10775,30215,7205
Death Note,2017,males,4.6,1524,750,2061,4447,7065,7202,5737,4801,3776,8510,4.6,3.4,4.0,4.7,5.3,45873,73,14203,21913,4131
I Still Know What You Did Last Summer,1998,males,4.6,1675,631,1546,3510,6867,10430,8764,5265,3199,2558,4.6,5.5,5.0,4.6,4.6,44445,12,4433,30749,7604
Anacondas: The Hunt for the Blood Orchid,2004,males,4.6,864,257,736,1848,3361,4585,3887,2506,1478,1476,4.6,5.0,5.0,4.5,4.5,20998,6,3822,12746,3613
Friday the 13th: A New Beginning,1985,males,4.8,1377,394,1037,2280,3820,5548,4423,2674,1595,1421,4.8,4.6,4.8,4.8,4.7,24569,24,3596,14645,5213
Anaconda,1997,males,4.8,2067,810,2552,6679,12205,14943,11917,7669,4814,3699,4.8,4.9,5.0,4.7,4.7,67355,14,8554,44342,11790
Halloween: The Curse of Michael Myers,1995,males,4.8,1343,369,1008,2007,3736,5122,3819,2394,1449,1358,4.8,3.7,4.5,4.8,4.8,22605,16,3433,13921,4152
Seed of Chucky,2004,males,4.8,1865,521,1325,2596,4465,5732,4519,2855,1723,1920,4.8,4.7,4.8,4.8,5.1,27521,27,5020,17223,4089
Leprechaun,1993,males,4.8,1153,270,789,1567,2701,3425,2843,1954,1192,1136,4.8,5.0,4.8,4.9,4.4,17030,8,1934,11086,3343
The Unborn,2009,males,4.7,1306,490,1231,2920,5624,7526,5713,3490,2212,2088,4.7,5.0,4.9,4.7,4.7,32600,4,4972,21492,5171
The Woman in Black 2: Angel of Death,2014,males,4.8,572,184,520,1411,2949,4106,3006,1556,836,767,4.8,6.0,4.9,4.8,4.8,15907,3,3894,8070,2805
Halloween II,2009,males,4.8,2469,1031,2280,3733,5401,6312,4830,3416,2606,4158,4.8,5.1,4.7,4.9,4.7,36236,11,5628,22749,6105
Meet the Blacks,2016,males,3.8,267,45,130,305,639,790,801,669,599,1049,3.8,3.1,4.0,3.7,3.6,5294,5,1156,2672,1002
Texas Chainsaw,2013,males,4.8,1905,599,1455,3121,5415,6825,4861,3249,2255,2786,4.8,4.5,4.7,4.7,5.0,32471,17,7520,18323,4390
The Forest,2016,males,4.8,518,207,689,2009,4364,5735,4269,2452,1286,988,4.8,4.6,4.7,4.7,4.9,22517,6,4712,12323,3833
Freddy's Dead: The Final Nightmare,1991,males,4.8,1512,470,1249,2745,4861,6764,5149,3037,1888,1619,4.8,4.3,4.6,4.9,4.7,29294,18,3872,18555,5578
Ghosts of Mars,2001,males,4.9,1635,665,2060,4399,6859,8214,6339,4057,2525,2260,4.9,6.0,5.0,4.8,5.0,39013,5,2196,24458,11064
Poltergeist,2015,males,4.9,1152,384,1222,3333,6854,8710,5650,3392,1984,2180,4.9,3.6,4.9,4.9,4.9,34861,15,6815,19050,6547
Valentine,2001,males,4.7,810,281,692,1443,2392,3268,2573,1755,1109,1008,4.7,7.7,5.2,4.7,4.6,15331,3,1369,10277,3201
The Darkest Hour,2011,males,4.9,1728,676,1844,4525,8638,9933,7023,4564,2705,2688,4.9,4.2,4.9,4.8,5.1,44324,6,6402,26700,9382
Fantasy Island,2020,males,4.9,604,268,946,2657,5031,5421,3657,2400,1551,1389,4.9,4.0,4.7,4.9,5.0,23924,35,4191,12221,5286
Vanishing on 7th Street,2010,males,4.9,736,310,820,1861,3391,4276,3128,1785,1207,1276,4.9,7.0,5.1,4.8,4.9,18790,1,1896,12154,4217
Virus,1999,males,5.0,635,302,933,2186,3782,4404,3267,1987,1170,980,5.0,6.5,5.2,5.0,4.9,19646,2,857,11960,6219
Cursed,2005,males,4.9,949,331,884,2135,3682,4557,3229,2070,1152,1233,4.9,4.0,5.2,4.8,5.1,20222,1,1451,12945,5247
The Haunting,1999,males,4.9,1235,640,1914,4469,8089,10067,7249,4365,2750,2607,4.9,8.0,4.7,4.9,4.9,43385,2,2743,28003,11207
Darkness Falls,2003,males,4.9,928,406,1077,2134,3557,4230,2995,1840,1274,1218,4.9,6.0,5.1,4.9,5.0,19659,1,1652,13110,4317
Halloween III: Season of the Witch,1982,males,5.0,2446,1055,2547,4148,4801,4644,3935,3147,2508,3496,5.0,5.9,5.1,5.0,5.1,32727,19,4344,18441,8332
Silent Hill: Revelation,2012,males,5.0,2939,917,2174,4413,7722,8815,5826,3819,2500,2582,5.0,5.1,5.0,4.9,4.9,41707,7,8036,26315,4983
The Happening,2008,males,5.0,4981,2751,8159,18128,26816,26143,18323,13365,10006,12569,5.0,3.3,4.8,5.0,5.1,141241,24,17350,94427,24438
A Serbian Film,2010,males,5.1,3538,1831,3960,5825,5930,5092,3288,2441,2047,6723,5.1,4.9,4.9,5.2,5.3,40675,19,10501,23296,4792
Blair Witch,2016,males,5.0,683,430,1467,3362,5411,5800,4064,2505,1558,1793,5.0,4.7,5.1,5.0,4.8,27073,16,5579,15472,3937
[REC] 3: Genesis,2012,males,5.0,938,451,1279,2796,4740,5233,3463,2376,1468,1761,5.0,4.8,4.8,5.0,5.3,24505,12,4774,14914,3603
A Haunted House,2013,males,5.0,2644,897,2066,3675,5270,5316,3555,2559,1840,2388,5.0,4.9,5.3,4.9,4.6,30210,19,8661,16034,3188
Chernobyl Diaries,2012,males,5.0,1741,702,2075,5186,9029,9934,6644,3877,2237,2125,5.0,5.9,5.0,5.0,5.1,43550,8,8806,25466,6814
Paranormal Activity: The Marked Ones,2014,males,5.0,1158,527,1480,3210,4993,5707,3713,2204,1369,2088,5.0,4.6,5.0,5.0,4.9,26449,21,6777,14274,3456
Halloween 5: The Revenge of Michael Myers,1989,males,5.0,1379,417,1154,2654,4808,6387,4141,2266,1175,939,5.0,3.8,4.9,5.1,4.9,25320,16,3858,15340,4854
A Nightmare on Elm Street 5: The Dream Child,1989,males,5.1,1333,405,1232,3062,5797,7933,4890,2496,1200,900,5.1,4.5,5.0,5.1,5.0,29248,20,4072,18257,5598
Exorcist: The Beginning,2004,males,5.1,959,436,1305,3000,5345,5817,3536,2073,1089,1220,5.1,4.7,4.9,5.1,5.2,24780,3,1722,16258,6138
Child's Play 3,1991,males,5.1,1674,430,1199,2759,4901,6369,4007,2279,1125,910,5.1,5.2,5.2,5.1,4.7,25653,29,4269,16530,3593
The Cave,2005,males,5.1,847,362,1210,2970,5403,6258,3807,2170,1127,1131,5.1,6.5,5.1,5.1,5.2,25285,2,2472,15836,6160
The Haunted Mansion,2003,males,4.9,935,322,1029,2547,5273,6759,4735,2688,1382,1003,4.9,4.7,5.0,4.7,5.0,26673,12,5933,13975,5540
The Final Destination,2009,males,5.1,3172,1298,3511,8190,14300,16456,9793,5549,3270,3531,5.1,4.7,5.2,5.1,5.3,69070,34,15652,42305,8171
Shutter,2008,males,5.1,936,364,1100,2455,4371,4767,2948,1663,1009,1175,5.1,4.5,5.3,5.1,5.2,20788,2,2902,13497,3821
Doom,2005,males,5.2,4114,1610,4901,11106,18103,18019,11221,6759,3857,3740,5.2,4.2,5.3,5.2,5.2,83430,14,9193,57556,13679
A Nightmare on Elm Street,2010,males,5.2,3362,1466,3989,8645,13880,13721,8109,5083,3195,4192,5.2,4.2,5.4,5.1,4.9,65642,18,13243,41185,8577
Hellboy,2019,males,5.2,1897,1012,3036,7371,11866,11624,6871,4291,2517,2755,5.2,4.7,5.0,5.2,5.4,53240,46,9749,28782,9182
Apollo 18,2011,males,5.2,1598,897,2672,6121,9356,8475,5392,3405,2106,2282,5.2,3.2,5.1,5.2,5.3,42304,4,5575,25673,9658
The Strangers: Prey at Night,2018,males,5.2,647,320,1020,2206,3566,3555,2248,1395,875,1082,5.2,5.8,5.2,5.2,5.1,16914,17,3704,8951,2741
Flatliners,2017,males,5.1,614,343,1066,3057,5984,5965,3250,1911,1154,1027,5.1,5.6,5.2,5.1,5.1,24371,9,4677,12866,4673
Sorority Row,2009,males,5.1,1059,393,1031,2226,3674,4271,2634,1596,949,1039,5.1,7.7,5.3,5.0,5.0,18872,5,3047,12050,3234
The Lords of Salem,2012,males,5.2,1078,593,1557,2662,3374,3433,2544,1763,1240,1557,5.2,6.0,5.5,5.2,5.0,19801,2,2470,12021,4193
The Mummy: Tomb of the Dragon Emperor,2008,males,5.2,4069,1539,4846,13078,24846,26798,14531,8133,4416,4557,5.2,5.0,5.3,5.1,5.4,106813,23,20452,65549,15749
The Lazarus Effect,2015,males,5.2,733,326,1068,3196,6128,6671,3949,2081,951,822,5.2,4.3,5.2,5.1,5.2,25925,6,4788,14725,4791
Queen of the Damned,2002,males,5.0,2016,891,1859,3382,4851,5427,4103,2678,1714,1889,5.0,4.3,5.2,5.0,5.0,28810,3,1795,19618,6483
The First Purge,2018,males,5.1,1048,446,1470,4300,8371,8497,4496,2465,1470,2610,5.1,5.4,5.2,5.1,5.0,35173,48,8730,17846,5038
The Covenant,2006,males,5.0,1826,708,1542,3098,4844,5474,3681,2319,1595,2005,5.0,4.5,5.2,4.9,5.0,27092,2,2872,18333,5111
Friday the 13th Part VII: The New Blood,1988,males,5.3,1660,550,1500,3055,4679,5329,3264,1879,931,864,5.3,5.2,5.2,5.3,5.2,23711,24,3475,14306,4820
The Stepford Wives,2004,males,5.1,826,433,1457,4013,7664,8260,4855,2729,1502,1507,5.1,2.5,5.4,5.1,5.1,33246,2,2001,19876,10391
Legion,2010,males,5.2,2825,1380,4051,9216,15723,16158,9908,5760,3468,3989,5.2,4.5,5.3,5.1,5.4,72478,6,10523,46072,13106
Truth or Dare,2018,males,5.1,951,394,1371,3393,5818,5451,3371,2127,1394,1392,5.1,4.4,5.0,5.1,5.2,25662,58,7367,12138,3535
Jennifer's Body,2009,males,5.2,3238,1504,4273,9852,15736,16447,10348,5815,3467,3979,5.2,5.7,5.3,5.1,5.4,74659,19,14271,46687,10754
Things Heard & Seen,2021,males,5.2,204,123,517,1565,2966,3144,1830,900,469,508,5.2,4.2,5.2,5.2,5.4,12226,7,1882,6542,2724
The Witches,2020,males,5.3,482,237,832,2268,4131,3883,1985,1087,644,1056,5.3,4.9,5.2,5.2,5.5,16605,17,2604,9315,3097
The Green Inferno,2013,males,5.3,1038,547,1700,4084,6333,5542,3230,2052,1214,1505,5.3,4.8,5.2,5.3,5.4,27245,15,4911,15465,5096
Spiral,2021,males,5.2,657,357,1237,3037,5328,5222,2927,1818,1039,1201,5.2,5.7,5.2,5.2,5.2,22823,46,5188,12273,3243
Tusk,2014,males,5.4,1435,875,2681,5432,6921,5411,3284,2229,1640,2538,5.4,6.0,5.4,5.4,5.1,32446,9,5698,19352,5438
Sinister 2,2015,males,5.2,998,512,1428,3513,6793,6864,3961,2240,1132,1025,5.2,4.5,5.3,5.1,5.2,28466,14,8103,14341,3667
The Bad Batch,2016,males,5.2,566,387,1151,2662,3941,3729,2293,1420,927,1122,5.2,1.0,5.5,5.3,5.0,18198,1,2805,10266,3716
Friend Request,2016,males,5.2,513,258,778,1882,3128,2963,1633,993,608,698,5.2,4.5,5.1,5.2,5.3,13454,10,3330,6858,2112
The New Mutants,2020,males,5.3,1006,575,1978,5578,9611,8802,4837,2500,1481,1974,5.3,5.2,5.2,5.3,5.4,38342,74,7908,19965,6589
The Curse of La Llorona,2019,males,5.2,750,350,1229,3228,5820,5736,3243,1816,911,881,5.2,4.9,5.1,5.2,5.4,23964,47,5875,11990,3702
The Nun,2018,males,5.3,3354,1508,4012,9516,15393,14441,8343,4932,2816,3091,5.3,5.3,5.3,5.3,5.4,67406,128,19605,31641,7910
House of Wax,2005,males,5.3,3846,1719,4869,10714,16560,15159,9393,5226,3029,3293,5.3,6.2,5.6,5.3,5.3,73808,10,12623,48681,9775
The Lawnmower Man,1992,males,5.5,860,568,1691,3805,6005,5422,3097,1664,902,763,5.5,5.5,5.1,5.5,5.4,24777,2,811,14314,8874
The Eye,2008,males,5.4,1639,632,1901,4704,8040,7602,4039,2135,1157,1391,5.4,7.0,5.5,5.3,5.4,33240,3,4388,22450,5486
Eight Legged Freaks,2002,males,5.4,1343,723,2555,6292,9387,8170,4804,2704,1407,1311,5.4,5.2,5.5,5.3,5.8,38696,10,4704,23728,8880
The Messengers,2007,males,5.3,1037,383,1136,3063,5614,5542,2977,1696,903,961,5.3,7.0,5.3,5.2,5.4,23312,1,2726,15070,4929
The Ring Two,2005,males,5.4,2528,1195,3285,8104,14315,13737,7407,3686,2126,2044,5.4,5.7,5.6,5.3,5.3,58427,9,9478,38150,8458
The Silence,2019,males,5.2,472,295,1087,3085,5875,5366,2851,1659,1034,1038,5.2,4.7,5.0,5.2,5.5,22762,33,3805,11918,4764
Piranha 3D,2010,males,5.5,3338,1857,5428,11101,14231,11581,7092,4521,2968,3772,5.5,3.8,5.3,5.5,5.6,65889,16,11279,41495,10952
Gretel & Hansel,2020,males,5.4,456,316,1150,2530,3587,3203,1874,1070,603,970,5.4,5.2,5.5,5.5,5.3,15759,28,2867,8425,3078
Turistas,2006,males,5.4,1244,501,1557,3814,6244,5677,3101,1718,1070,1548,5.4,6.0,5.4,5.3,5.4,26474,1,2340,17651,5795
In the Tall Grass,2019,males,5.4,535,399,1471,4429,7132,6016,3369,1818,991,995,5.4,5.6,5.4,5.4,5.4,27155,44,5334,14601,4587
A Nightmare on Elm Street 2: Freddy's Revenge,1985,males,5.4,2145,912,2568,6062,10351,10032,5543,2949,1624,1029,5.4,5.4,5.5,5.5,5.3,43215,32,6356,26070,8705
Maximum Overdrive,1986,males,5.4,1507,652,1635,3318,4704,4320,2632,1618,971,926,5.4,4.0,5.2,5.5,5.3,22283,3,1266,12421,7742
Hellraiser III: Hell on Earth,1992,males,5.5,1128,474,1330,2939,4801,4839,2389,1286,624,558,5.5,5.6,5.5,5.5,5.4,20368,5,1906,12476,5182
Dreamcatcher,2003,males,5.5,2528,1837,4989,10673,14002,11439,6838,4136,2434,2808,5.5,4.8,5.5,5.5,5.6,61684,5,4120,42237,13447
White Noise,2005,males,5.5,1052,658,1977,5010,8253,7233,3737,2045,1090,1044,5.5,5.0,5.4,5.5,5.6,32099,3,2006,21800,7497
Bride of Chucky,1998,males,5.4,2312,969,2577,5044,7433,7428,4385,2373,1428,1318,5.4,6.4,5.6,5.4,5.4,35267,27,5363,22771,5591
Ghost Ship,2002,males,5.5,2160,1395,3929,9787,15603,14103,7673,3873,2002,1523,5.5,6.3,5.5,5.4,5.6,62048,8,7475,40308,11993
The Omen,2006,males,5.5,1765,918,2608,5962,9815,7952,4091,2186,1180,1833,5.5,3.9,5.6,5.5,5.6,38310,7,4019,25766,7525
Friday the 13th,2009,males,5.5,4499,2144,5420,11027,16192,13145,7137,4252,2551,2975,5.5,5.0,5.5,5.5,5.4,69342,32,13341,43113,9772
Winchester,2018,males,5.4,545,284,961,2593,4444,4026,2081,1158,626,518,5.4,5.0,5.1,5.3,5.6,17236,16,2952,8749,4055
Hostel: Part II,2007,males,5.4,3297,1688,4620,9557,13884,12338,6642,3859,2535,4051,5.4,5.4,5.5,5.4,5.5,62471,14,8065,42807,9547
The Last Days on Mars,2013,males,5.5,709,436,1500,4438,7829,6583,3173,1513,736,760,5.5,6.0,5.6,5.5,5.5,27677,1,2280,16578,7541
Red Riding Hood,2011,males,5.2,2124,1103,3182,7537,12257,11639,6918,4043,2441,2772,5.2,4.7,5.4,5.2,5.3,54016,7,8908,32983,9905
The Innkeepers,2011,males,5.6,902,742,2230,4047,4708,4038,2601,1619,1069,1239,5.6,5.0,5.7,5.6,5.5,23195,2,2508,14894,4972
Unfriended,2014,males,5.6,1684,1006,3454,7851,10328,7071,3773,2386,1769,2415,5.6,5.0,5.6,5.7,5.4,41737,40,12836,20832,4986
The Cloverfield Paradox,2018,males,5.5,1807,1336,4537,11900,17607,13236,7327,4129,2475,2184,5.5,5.4,5.4,5.5,5.6,66538,26,12574,36713,11198
Resident Evil: The Final Chapter,2016,males,5.5,3238,1444,4069,9191,14264,11464,5825,3510,2337,3033,5.5,5.3,5.5,5.4,5.7,58375,19,11799,33136,8304
The Dead Don't Die,2019,males,5.4,1060,913,3003,6803,9718,8597,4827,2921,2002,2453,5.4,5.8,5.5,5.4,5.5,42297,30,6879,22756,9135
Children of the Corn,1984,males,5.6,1332,709,2152,5243,8386,6774,3482,1773,868,745,5.6,7.0,5.5,5.6,5.6,31464,6,3720,18308,8141
Peninsula,2020,males,5.4,481,284,873,2589,4574,3860,1995,1090,582,658,5.4,5.2,5.5,5.4,5.6,16986,37,3645,8881,2888
The Texas Chainsaw Massacre 2,1986,males,5.6,1551,886,2085,3217,3903,3405,2235,1402,1003,1025,5.6,5.7,5.7,5.6,5.6,20712,12,2900,12037,4897
Village of the Damned,1995,males,5.6,767,368,1217,3483,5879,4900,2204,1050,465,443,5.6,6.0,5.6,5.6,5.5,20776,2,1485,12469,6114
Scream 3,2000,males,5.5,4233,1810,5162,12112,21021,19618,9185,4285,2067,2141,5.5,5.7,5.8,5.4,5.6,81634,47,12656,53304,12177
Urban Legend,1998,males,5.5,1541,841,2371,5756,9854,9014,4656,2312,1179,1074,5.5,5.6,5.7,5.4,5.4,38598,10,3156,26451,7541
House on Haunted Hill,1999,males,5.6,1760,1011,2749,5731,8096,6959,3821,2159,1246,1034,5.6,5.2,5.6,5.6,5.5,34566,4,2298,23355,7826
Thir13en Ghosts,2001,males,5.5,2131,1327,4009,8621,12559,10465,5913,3538,1964,1728,5.5,4.6,5.5,5.5,5.6,52255,12,5570,34973,9731
Cube²: Hypercube,2002,males,5.6,1538,1163,3483,7598,11948,9473,5027,2790,1592,1391,5.6,6.1,5.4,5.6,5.6,46003,10,5214,32228,7043
Cabin Fever,2002,males,5.6,2503,1637,4468,9010,11369,8610,4746,3026,2133,2983,5.6,6.8,5.7,5.7,5.5,50485,7,5413,33441,10042
Jeepers Creepers 2,2003,males,5.6,2258,1081,3054,6610,10050,8273,4471,2454,1315,1321,5.6,5.1,5.7,5.5,5.8,40887,9,5885,25859,7466
Creep,2004,males,5.6,820,471,1507,3489,4907,3737,2049,1198,726,806,5.6,6.0,5.6,5.6,5.6,19710,1,2050,12672,4414
Alien vs. Predator,2004,males,5.6,6403,3481,10492,24178,34472,25925,13911,8111,4694,5507,5.6,4.8,5.7,5.5,5.8,137174,38,18662,87976,24309
Halloween Kills,2021,males,5.6,2021,1037,2841,5050,6474,5000,3063,1936,1210,1549,5.6,6.0,5.6,5.6,5.5,30181,39,6301,15788,5042
Diary of the Dead,2007,males,5.6,2250,1263,3249,6258,7983,5950,3542,2224,1439,1749,5.6,6.5,5.5,5.6,5.7,35907,5,3208,24691,7154
Dark Water,2005,males,5.5,1394,808,2243,5594,9671,8403,3877,1812,1022,1169,5.5,6.0,5.6,5.5,5.7,35993,3,3014,23421,8436
The Ward,2010,males,5.5,1144,590,1764,4550,7488,5927,3191,1643,836,815,5.5,6.0,5.7,5.5,5.5,27948,2,3457,17518,6025
Saw: The Final Chapter,2010,males,5.5,5537,2326,5341,10162,14612,11902,6395,3883,2728,3624,5.5,5.6,5.7,5.5,5.5,66510,45,17540,39803,6003
Maggie,2015,males,5.6,1294,678,2261,5314,7808,6592,3252,1649,950,1036,5.6,4.6,5.7,5.6,5.6,30834,7,3454,18478,7083
Don't Be Afraid of the Dark,2010,males,5.5,1236,730,2210,5130,7956,6520,3563,1882,1186,1179,5.5,5.8,5.6,5.5,5.6,31592,4,4129,20198,6229
House at the End of the Street,2012,males,5.4,1691,752,2420,6691,11458,9421,4820,2451,1340,1194,5.4,4.4,5.6,5.4,5.5,42238,9,8235,24096,7212
I Know What You Did Last Summer,1997,males,5.7,3625,1892,5605,14851,24177,18531,8370,3707,2017,1958,5.7,6.7,5.8,5.7,5.7,84733,28,10320,56722,14225
Freddy vs. Jason,2003,males,5.7,6216,3045,7483,13656,17645,13406,7488,4324,2517,2556,5.7,6.0,5.8,5.7,5.6,78336,33,11945,52247,10971
Club Dread,2004,males,5.7,1613,760,2014,3693,4627,3634,2079,1230,733,858,5.7,7.0,5.9,5.7,5.4,21241,1,1524,15108,3929
Open Water,2003,males,5.7,1142,1037,3180,6931,8278,5403,2763,1828,1269,2802,5.7,5.6,5.5,5.6,6.1,34633,9,2785,21084,9725
Lake Placid,1999,males,5.7,1538,1003,3052,6960,9764,7630,4214,2243,1165,944,5.7,6.3,5.6,5.6,5.9,38513,3,3081,23147,10822
Hatchet,2006,males,5.7,1617,864,2194,3770,4663,3492,1972,1275,900,1085,5.7,5.5,5.8,5.7,5.6,21832,2,2473,14313,4319
Splice,2009,males,5.8,1943,1742,5860,13783,17926,12152,6418,3339,1984,2652,5.8,4.9,5.7,5.8,5.9,67799,9,7914,44871,12832
Priest,2011,males,5.7,4080,2427,6939,15722,22682,16481,8351,4316,2218,2203,5.7,4.7,5.8,5.6,5.9,85419,7,13049,54403,14766
Pet Sematary,2019,males,5.7,1258,884,3420,9025,14532,10587,4960,2368,1149,1334,5.7,5.4,5.7,5.6,5.7,49517,50,10615,26550,7688
Army of the Dead,2021,males,5.7,3567,2212,7263,16559,21735,14973,7995,4940,3087,4096,5.7,6.2,5.8,5.7,5.7,86427,140,18035,45932,13062
The Rental,2020,males,5.7,300,215,1026,2857,4308,2977,1306,673,384,440,5.7,6.4,5.7,5.8,5.7,14486,5,2392,8136,2880
Paranormal Activity 2,2010,males,5.7,3246,2345,6085,12329,16912,12131,6143,3372,2229,3747,5.7,5.5,5.5,5.7,5.6,68539,22,15261,42578,7925
The Last Exorcism,2010,males,5.7,1286,928,2897,6250,8165,6210,3227,1889,1151,1700,5.7,5.8,5.6,5.7,5.7,33703,4,5105,21332,6103
Cooties,2014,males,5.7,544,317,1196,2973,4668,3453,1694,792,441,585,5.7,4.9,5.7,5.6,5.6,16663,10,2789,9822,3032
The Bay,2012,males,5.6,604,451,1604,3366,4532,3341,1779,1075,672,829,5.6,5.9,5.8,5.6,5.7,18253,6,2297,10721,4323
47 Meters Down,2017,males,5.6,813,486,1761,4991,8423,6177,2909,1458,821,940,5.6,4.9,5.5,5.6,5.6,28779,20,5121,15398,5762
Would You Rather,2012,males,5.7,786,526,1670,4198,6046,4285,2151,1202,778,696,5.7,5.5,5.6,5.7,5.7,22338,15,5526,12197,3260
I Spit on Your Grave 2,2013,males,5.6,1231,577,1421,3164,4880,3655,1728,924,601,769,5.6,4.5,5.7,5.6,5.6,18950,5,3723,10657,3482
Insidious: The Last Key,2018,males,5.6,1262,626,1926,5123,9081,6813,3115,1449,734,803,5.6,5.5,5.6,5.6,5.7,30932,42,8546,15284,3930
Velvet Buzzsaw,2019,males,5.7,605,560,2268,6243,9336,6809,3515,1719,903,834,5.7,5.4,5.6,5.7,5.8,32792,12,7885,17267,4809
Regression,2015,males,5.7,591,398,1490,4347,7109,5025,2314,1067,462,529,5.7,5.3,5.9,5.6,5.6,23332,3,3755,13092,4949
Child's Play,2019,males,5.7,974,622,2235,5648,7716,5273,2606,1433,843,1013,5.7,5.9,5.8,5.7,5.7,28363,37,5784,15970,3986
Jaws 2,1978,males,5.7,1588,1030,3457,8868,15248,11136,4736,2175,941,776,5.7,5.5,5.6,5.7,5.8,49955,31,5500,27282,14917
Halloween 4: The Return of Michael Myers,1988,males,5.8,2436,1017,2915,5613,8451,6031,2929,1370,562,605,5.8,5.4,5.8,5.9,5.6,31929,20,4782,19112,6400
Thinner,1996,males,5.8,815,394,1440,3611,5537,3998,1844,874,480,410,5.8,6.2,5.8,5.8,5.7,19403,4,1362,12178,5129
Species,1995,males,5.8,1501,946,3696,11019,17638,11641,4968,2221,1001,884,5.8,4.3,5.6,5.8,6.0,55515,3,3216,34637,15724
Halloween H20: 20 Years Later,1998,males,5.7,2800,1410,3769,7858,11209,9023,4471,2107,1121,1196,5.7,6.0,5.9,5.7,5.7,44964,18,5134,29004,8812
The Relic,1997,males,5.8,776,446,1510,3420,4823,3525,1762,882,453,422,5.8,5.0,5.8,5.8,5.8,18019,1,692,10611,6145
Cannibal Holocaust,1980,males,5.9,3575,2234,4952,6815,6784,4445,2589,1734,1387,3015,5.9,4.9,5.8,5.9,5.8,37530,16,5922,24051,6183
End of Days,1999,males,5.8,2947,1865,6206,14591,21588,15392,7316,3571,1846,1712,5.8,6.2,5.9,5.8,5.7,77034,4,3874,51597,18737
V/H/S/2,2013,males,6.1,1461,1176,3357,5785,6148,3603,1891,1120,690,968,6.1,6.5,6.2,6.1,5.8,26199,14,5599,15424,3680
Gothika,2003,males,5.7,1854,1534,5371,12910,18809,13379,6476,3261,1664,1440,5.7,5.8,5.8,5.7,5.8,66698,4,5706,44981,13747
Blade: Trinity,2004,males,5.8,5692,3425,9705,23457,34748,23168,10568,5458,2678,2638,5.8,4.5,5.9,5.8,5.9,121537,20,17389,80275,18257
Hollow Man,2000,males,5.8,2292,1614,6216,17800,27232,18418,8327,3939,1865,1482,5.8,5.5,6.0,5.8,5.8,89185,8,7621,59229,19292
Resident Evil: Afterlife,2010,males,5.8,9312,4408,10740,21959,29866,20676,10638,6023,3701,4485,5.8,5.6,5.9,5.7,5.9,121808,24,22012,78791,15796
Final Destination 3,2006,males,5.7,4965,2419,6536,15649,25781,18153,7993,3817,1836,2021,5.7,5.8,5.9,5.7,5.8,89170,41,18956,55842,10567
Cry Wolf,2005,males,5.8,1361,643,1626,3241,4161,2960,1525,811,487,590,5.8,5.5,6.0,5.8,5.6,17405,4,1941,12078,3003
Saw V,2008,males,5.7,6303,2715,6873,14154,21395,15332,6931,3809,2179,3476,5.7,6.0,5.9,5.7,5.6,83167,50,18823,52964,7729
The Texas Chainsaw Massacre: The Beginning,2006,males,5.8,3322,1799,4652,8998,12516,8271,3857,2216,1408,1754,5.8,4.8,5.8,5.8,5.8,48793,16,7663,32397,6908
The Wolfman,2010,males,5.8,3024,1988,6330,15409,21895,14831,6985,3305,1677,1661,5.8,5.3,5.8,5.8,6.0,77105,9,9098,51500,14215
Black Sheep,2006,males,5.8,1456,1023,2898,6034,7064,4673,2542,1502,926,1208,5.8,5.3,5.5,5.8,6.0,29326,3,3298,19848,5457
Old,2021,males,5.8,1000,868,3258,8068,9982,6573,3319,2058,1280,1508,5.8,5.8,5.7,5.8,5.8,37914,70,7805,19985,6615
The Descent: Part 2,2009,males,5.7,1424,754,2425,5818,8839,5922,2861,1425,821,837,5.7,4.1,5.7,5.7,5.8,31126,8,4722,19497,5567
The Babysitter: Killer Queen,2020,males,5.7,711,458,1400,3462,4940,3177,1618,938,526,550,5.7,5.5,5.7,5.7,5.8,17780,60,4344,9320,2399
V/H/S,2012,males,5.8,2005,1568,4562,8256,9288,6157,3460,2040,1378,1829,5.8,6.8,5.9,5.9,5.6,40543,13,8059,24231,5994
Paranormal Activity 3,2011,males,5.8,3549,2400,6352,11931,14633,9771,5051,2864,1818,3343,5.8,5.7,5.7,5.8,5.7,61712,21,14780,36974,7182
The Purge,2013,males,5.7,3975,2832,9442,24640,36555,25620,12696,6874,3782,4416,5.7,5.5,5.7,5.6,5.7,130832,93,32704,70612,16666
Underworld: Blood Wars,2016,males,5.7,2698,1222,3432,8424,13003,9166,4205,2214,1111,1044,5.7,5.5,5.9,5.6,5.8,46519,9,7605,26961,8078
Jigsaw,2017,males,5.7,2217,1192,3406,8260,12493,8583,4287,2288,1139,1145,5.7,5.8,5.8,5.7,5.7,45010,60,12534,23298,4934
Morgan,2016,males,5.8,635,473,1905,5582,8270,5401,2263,1020,474,547,5.8,5.4,5.7,5.7,6.1,26570,5,3321,14423,6860
Vivarium,2019,males,5.8,718,759,2520,5901,6928,4501,2312,1266,903,1585,5.8,6.3,5.9,5.8,5.7,27393,30,4970,14771,5295
High Life,2018,males,5.8,566,882,2387,3855,4275,3148,1851,1172,835,1083,5.8,7.0,6.4,5.7,5.4,20054,13,4210,10220,4158
Eli,2019,males,5.8,498,384,1312,3346,4804,3114,1458,779,442,487,5.8,4.4,5.6,5.8,5.9,16624,19,3163,8926,2929
Child's Play 2,1990,males,5.8,2350,1023,2717,5537,8286,6393,2864,1349,671,643,5.8,6.3,6.0,5.9,5.4,31833,35,5270,20376,4624
Escape Room: Tournament of Champions,2021,males,5.7,452,327,984,2841,4771,3350,1478,702,361,409,5.7,6.4,5.8,5.6,5.5,15675,50,3680,8450,2096
King Kong,1976,males,5.9,1052,600,1831,4396,6109,3933,1856,938,448,491,5.9,6.7,5.6,5.9,6.0,21654,3,1535,9409,9928
"Salò, or the 120 Days of Sodom",1975,males,5.9,4273,2866,5163,6322,5790,4123,2521,1907,1599,3897,5.9,7.3,6.0,5.9,5.8,38461,24,6857,22846,7210
The Brothers Grimm,2005,males,5.9,2366,1633,5985,15425,21855,14108,6171,2968,1517,1622,5.9,5.2,5.9,5.8,5.9,73650,5,8166,47540,15551
Dracula: Dead and Loving It,1995,males,5.8,2170,1062,2591,4805,6170,4871,2710,1458,821,683,5.8,7.1,6.2,5.9,5.3,27341,7,2629,18534,5146
The Grudge,2004,males,5.9,4773,3371,8631,16913,22388,15234,7548,3880,2308,2776,5.9,4.7,5.9,5.8,6.0,87822,14,13768,56945,13807
The Possession,2012,males,5.8,1951,1020,3008,7259,10504,6767,3052,1418,755,857,5.8,5.3,5.8,5.8,6.0,36591,6,6897,21455,6160
Hostel,2005,males,5.9,6386,4824,13195,25054,27812,17687,8998,5621,3839,6983,5.9,6.1,5.9,5.9,5.9,120399,27,15456,82508,18318
The X Files: I Want to Believe,2008,males,5.9,4020,1784,5341,12841,17910,11628,5376,2558,1447,1875,5.9,8.0,6.0,5.9,6.0,64780,1,3912,44502,14472
The Haunting in Connecticut,2009,males,5.8,1894,1201,3259,6953,9903,6908,3266,1676,944,1037,5.8,4.6,5.9,5.8,5.8,37041,5,6303,23140,6296
Saw IV,2007,males,5.8,8453,4009,9416,18461,25572,16648,8136,4266,2334,3790,5.8,6.0,6.0,5.8,5.7,101085,48,20918,66515,9539
P2,2007,males,5.9,1149,647,1974,4599,6357,3982,1851,1008,523,614,5.9,6.7,5.9,5.8,5.9,22704,3,2612,14885,4532
The Ruins,2008,males,5.9,2276,1489,4802,10704,13253,8645,4392,2333,1318,1463,5.9,6.7,5.9,5.8,5.9,50675,5,5325,33807,10108
The Mortal Instruments: City of Bones,2013,males,5.5,3166,1557,3970,8632,12354,9673,5446,3313,1897,2660,5.5,5.1,5.7,5.3,5.6,52668,10,11672,28712,8344
Quarantine,2008,males,6.0,2731,2044,5607,10776,12095,6961,3489,2034,1339,2509,6.0,5.9,5.9,6.0,6.0,49585,12,7322,32090,8530
The Fourth Kind,2009,males,5.9,3803,2657,6390,10579,11129,7785,4469,2706,1678,2148,5.9,7.3,5.9,5.9,5.6,53344,3,7175,35007,9330
Carrie,2013,males,5.9,4500,2477,6963,16018,22395,14286,6756,3308,1747,2198,5.9,4.9,5.9,5.8,5.9,80648,23,18692,45291,11186
Abraham Lincoln: Vampire Hunter,2012,males,5.9,5573,3795,11064,22869,26330,16522,8468,4517,2771,3253,5.9,6.0,6.1,5.8,5.9,105162,11,20170,62513,16773
The Tall Man,2012,males,5.9,1167,953,2784,5579,6894,4470,2177,1139,699,845,5.9,7.0,5.9,5.8,6.0,26707,2,2784,16591,6114
The Prodigy,2019,males,5.8,419,312,1074,2790,4035,2755,1159,505,282,355,5.8,5.6,5.8,5.8,5.8,13686,12,2487,7295,2715
The Void,2016,males,5.9,845,819,2596,4768,5363,3622,1987,1140,619,680,5.9,5.6,6.0,5.9,5.7,22439,6,3727,12872,4224
Cam,2018,males,5.9,306,349,1379,3678,4535,2806,1311,707,422,455,5.9,6.0,6.1,5.9,5.7,15948,29,4185,8308,2161
Annabelle Comes Home,2019,males,5.9,1428,831,2842,7145,10041,6480,2796,1459,779,986,5.9,5.7,5.8,5.8,5.9,34787,93,9551,17083,4358
Underwater,2020,males,5.8,1308,931,3508,9512,13006,8502,3695,1791,1021,960,5.8,5.5,5.9,5.9,5.7,44234,31,6707,24484,9143
Candyman,2021,males,5.9,785,743,2542,4985,5615,3562,1780,1050,740,1651,5.9,6.2,6.2,5.9,5.5,23453,27,5090,12755,3402
Friday the 13th: The Final Chapter,1984,males,6.0,2820,1410,3452,5870,7964,5570,2712,1264,684,739,6.0,6.6,6.0,6.0,5.8,32485,41,4836,19049,6952
The Last House on the Left,1972,males,6.0,1570,1110,2787,4859,5410,3324,1994,1352,826,1086,6.0,5.5,6.1,6.0,5.8,24318,11,2516,14744,6315
The Boy,2016,males,5.9,1363,967,3779,9846,13680,7735,3501,1706,810,854,5.9,5.6,5.9,5.9,6.0,44241,40,10569,23340,6585
Friday the 13th Part VI: Jason Lives,1986,males,6.0,2613,1217,3023,5055,6714,4659,2430,1182,633,728,6.0,6.8,6.1,6.0,5.7,28254,42,4110,16840,5932
The Rite,2011,males,6.0,2993,2248,6546,14120,18069,10673,4744,2163,1073,1143,6.0,7.0,6.1,6.0,5.9,63772,3,9323,41421,10743
The Amityville Horror,2005,males,5.9,3207,1991,6067,13702,18354,11368,5046,2487,1331,1456,5.9,6.3,6.0,5.9,5.7,65009,17,9926,42686,9743
Hide and Seek,2005,males,5.8,2000,1470,4387,10220,14132,9638,4439,2093,1080,1073,5.8,6.0,6.2,5.8,5.7,50532,4,5686,34237,9135
Mimic,1997,males,6.0,1152,773,2765,7301,10529,6432,2659,1187,572,562,6.0,6.3,6.0,5.9,6.0,33932,3,1936,20794,10065
The Midnight Meat Train,2008,males,6.1,2460,1875,5510,10400,10698,6156,3170,1790,1099,1455,6.1,4.8,6.0,6.1,6.1,44613,4,5231,29984,7871
Deep Rising,1998,males,6.1,1711,1088,2991,5610,6295,3812,1999,1033,579,623,6.1,7.0,6.2,6.1,6.0,25741,2,1460,16053,7359
House of 1000 Corpses,2003,males,6.0,4987,3352,6988,10360,10304,6256,3631,2499,1879,3249,6.0,5.8,6.0,6.0,5.9,53505,15,5736,35801,9721
Critters,1986,males,6.1,1258,681,2465,5266,7273,4054,1831,853,384,369,6.1,5.8,6.1,6.2,5.8,24434,6,1355,15763,6395
Wrong Turn,2003,males,6.1,4820,2870,8066,16722,20128,11026,5034,2739,1437,1563,6.1,6.5,6.1,6.0,6.1,74405,26,12311,47420,11437
Halloween,2007,males,6.1,7005,4366,10350,16133,16031,9159,5212,3190,2343,4745,6.1,5.6,6.0,6.1,6.0,78534,28,11252,51170,12799
Mirrors,2008,males,6.2,3580,2783,8376,17697,18565,9937,4597,2283,1237,1325,6.2,6.5,6.3,6.2,6.0,70380,12,11852,46051,10075
Vampires,1998,males,6.1,2125,1500,4663,9507,10551,5936,2746,1426,774,810,6.1,7.5,6.3,6.1,6.1,40038,4,2297,24969,11314
Bug,2006,males,6.1,1545,1484,3473,4902,4595,2843,1630,1103,903,1721,6.1,4.0,6.4,6.1,6.0,24199,3,1542,15358,6703
Solomon Kane,2009,males,6.1,2604,1888,5848,12901,15109,9056,3958,1789,927,1031,6.1,6.0,6.1,6.0,6.2,55111,3,7408,35324,10361
The Belko Experiment,2016,males,6.1,910,841,2854,7678,9136,4722,1957,836,476,505,6.1,6.0,6.1,6.1,6.1,29915,18,6768,16193,4558
6 Souls,2010,males,6.0,874,704,2003,4507,5634,3100,1530,718,402,581,6.0,8.0,6.1,6.0,5.9,20053,1,1953,12727,4612
Hansel & Gretel: Witch Hunters,2013,males,6.0,7243,4466,13738,29815,33439,18562,8568,4409,2494,2519,6.0,5.9,6.2,6.0,6.1,125253,24,25335,70889,19388
Splinter,2008,males,6.1,1044,806,2769,6261,6995,3709,1740,860,455,514,6.1,3.2,6.1,6.1,6.2,25153,6,2928,15972,5388
Grave Encounters,2011,males,6.1,2408,1730,4477,7755,7989,4690,2443,1376,784,1079,6.1,5.8,6.3,6.1,5.8,34731,20,8573,20003,4242
Hobo with a Shotgun,2011,males,6.1,3046,2100,5191,7974,7216,4270,2539,1684,1284,1760,6.1,2.0,6.3,6.2,5.6,37064,1,4714,24712,6548
Insidious: Chapter 3,2015,males,6.0,2831,1751,5386,12872,16282,9161,3743,1790,878,1125,6.0,6.4,6.1,6.0,5.9,55819,53,16304,28454,6171
The Collection,2012,males,6.1,2262,1358,3507,7028,8175,4608,2270,1220,726,820,6.1,6.2,6.2,6.0,5.9,31974,17,6295,19220,4572
Maniac,2012,males,6.1,1183,1219,3630,5844,5895,3448,1862,1016,652,807,6.1,5.5,6.4,6.2,5.9,25556,2,3824,15965,4525
Don't Breathe 2,2021,males,6.0,741,524,1750,4712,6597,3292,1379,568,275,311,6.0,6.1,6.0,6.0,6.1,20149,34,4765,10506,2884
Blood Red Sky,2021,males,6.0,705,641,2288,5757,6192,3425,1581,771,447,566,6.0,5.9,6.1,6.0,6.1,22373,30,3285,11773,5118
Crawl,2019,males,6.1,1418,1249,4826,12224,13209,6623,2973,1501,839,901,6.1,5.8,6.2,6.1,6.2,45763,58,9111,24439,8009
The Lodge,2019,males,6.0,548,662,2537,5361,5906,3280,1674,877,518,829,6.0,6.1,6.3,6.0,5.9,22192,14,4122,12397,3916
Brightburn,2019,males,6.1,1854,1746,6185,14190,15204,8112,3789,1742,969,1194,6.1,5.8,5.9,6.2,6.3,54985,57,10293,29363,9831
The Toxic Avenger,1984,males,6.2,2026,1051,2683,3934,4143,2573,1418,940,561,662,6.2,6.3,6.6,6.3,5.8,19991,3,1914,12445,4956
The Amityville Horror,1979,males,6.2,1292,859,2785,5624,6555,3543,1675,826,383,401,6.2,6.0,6.2,6.2,6.2,23943,6,2313,12783,8039
Wolf,1994,males,6.2,1410,1099,4117,9239,10795,5459,2240,912,372,426,6.2,7.5,6.3,6.3,6.1,36069,4,1825,21389,11771
House,1985,males,6.2,1181,618,2096,4201,4724,2495,1124,580,301,280,6.2,7.0,6.2,6.1,6.3,17600,2,1023,9811,6099
Scream 2,1997,males,6.2,6097,4202,10986,23090,30515,15638,6530,2840,1613,1883,6.2,7.0,6.5,6.1,6.1,103394,73,15323,67175,16357
Alien: Resurrection,1997,males,6.2,7064,6233,18841,41759,44045,22355,10853,5197,2775,3036,6.2,5.3,5.9,6.2,6.4,162158,55,17726,99763,36338
Killer Klowns from Outer Space,1988,males,6.1,2518,1131,2903,4959,5014,3086,1610,1032,729,835,6.1,6.7,6.3,6.2,5.9,23817,17,2873,14433,5455
Idle Hands,1999,males,6.2,2037,1268,3529,6320,6526,3601,1716,972,583,673,6.2,5.2,6.3,6.3,5.9,27225,4,1638,20088,4631
Stigmata,1999,males,6.1,1810,1872,5070,9655,10493,6016,2779,1383,768,861,6.1,6.0,5.9,6.1,6.1,40707,2,1490,26864,11160
Jeepers Creepers,2001,males,6.2,4780,3234,9067,17447,18756,10732,5184,3058,1735,2314,6.2,6.7,6.2,6.1,6.3,76307,31,10235,48781,13950
The Texas Chainsaw Massacre,2003,males,6.2,5797,4109,11138,21639,22513,11992,5734,2950,1822,2301,6.2,6.2,6.1,6.2,6.1,89995,37,13574,60375,12436
Resident Evil: Apocalypse,2004,males,6.1,9688,5526,14963,30889,35439,18680,8814,4843,2919,3394,6.1,6.1,6.3,6.0,6.1,135155,24,21887,89153,18400
Final Destination 2,2003,males,6.2,5180,3759,11078,25955,31328,14962,6173,2764,1436,1507,6.2,6.3,6.2,6.2,6.2,104142,52,19847,66565,13255
Land of the Dead,2005,males,6.2,4449,2730,8317,17251,17821,9539,4392,2197,1247,1608,6.2,5.5,6.1,6.2,6.3,69551,8,6670,47482,13331
The Thing,2011,males,6.3,4502,3773,11914,24960,24578,12716,5527,2666,1434,1875,6.3,5.4,6.2,6.2,6.4,93945,24,13041,57712,19179
Wolf Creek,2005,males,6.2,2487,2325,6414,12131,11310,6134,2886,1582,972,1558,6.2,6.5,6.2,6.2,6.4,47799,11,5228,30854,10179
Frontier(s),2007,males,6.2,1218,1028,2598,4470,4202,2278,1201,689,443,638,6.2,6.3,6.2,6.2,6.2,18765,3,1959,12502,3694
Red State,2011,males,6.2,3026,2649,7051,11413,10491,6113,3276,1839,1171,1704,6.2,2.0,6.2,6.2,6.1,48733,2,5012,32155,9915
Dark Shadows,2012,males,6.2,6731,4822,15655,36858,40020,21339,9373,4306,2080,2476,6.2,6.1,6.2,6.1,6.2,143660,33,29666,83368,22234
Mama,2013,males,6.2,4887,3957,11898,26018,27828,14479,6418,3006,1543,1861,6.2,6.3,6.2,6.2,6.3,101895,24,22862,57433,13993
Scream 4,2011,males,6.1,7701,4127,10627,19479,21208,12423,6217,3175,1904,2775,6.1,6.6,6.4,6.1,5.9,89636,63,18062,57386,10361
Open Grave,2013,males,6.2,944,742,2557,5468,5346,2816,1182,591,310,371,6.2,6.2,6.4,6.2,6.2,20327,4,2853,12629,3872
"As Above, So Below",2014,males,6.2,2527,2149,6475,12670,12428,6794,3451,1751,998,1003,6.2,6.9,6.4,6.2,5.9,50246,31,11435,27622,7293
Devil,2010,males,6.2,3851,3709,11846,26448,25055,12654,5704,2744,1520,1779,6.2,6.1,6.2,6.2,6.4,95310,19,16375,60681,14387
The Neon Demon,2016,males,6.2,2715,3524,8563,11619,10023,6668,3811,2471,1653,2208,6.2,7.3,6.7,6.2,5.6,53255,20,12882,28874,7748
Deliver Us from Evil,2014,males,6.2,2207,1795,5773,12687,12939,6727,3123,1458,689,802,6.2,6.5,6.3,6.2,6.2,48200,3,8822,27869,8093
Scary Stories to Tell in the Dark,2019,males,6.1,1063,913,3704,9925,11897,5869,2286,1040,486,566,6.1,6.3,6.2,6.1,6.2,37749,46,8865,19662,5693
Before I Wake,2016,males,6.1,849,702,2420,5858,7284,3593,1458,673,269,358,6.1,5.6,6.3,6.1,6.1,23464,16,4818,13034,3850
Krampus,2015,males,6.2,1801,1489,4851,10190,10852,5845,2775,1372,755,904,6.2,6.1,6.2,6.2,6.1,40834,26,8564,22897,6456
Ouija: Origin of Evil,2016,males,6.2,1062,917,3550,8751,10037,5119,2136,991,512,701,6.2,6.2,6.2,6.1,6.1,33776,25,7849,17961,5238
Colossal,2016,males,6.2,1005,1355,5072,10734,10443,5585,2481,1350,773,1092,6.2,6.7,6.4,6.2,6.2,39890,10,6662,22438,7934
Color Out of Space,2019,males,6.2,930,1116,3761,6720,6233,3522,1900,1099,714,959,6.2,5.1,6.3,6.2,5.9,26954,14,4198,15077,5616
It Comes at Night,2017,males,6.2,1299,2352,8165,13426,12520,7257,3838,2120,1445,2735,6.2,6.9,6.7,6.1,5.9,55157,27,13221,29768,7713
The Perfection,2018,males,6.1,581,708,2396,5305,5395,2756,1378,833,503,699,6.1,4.7,6.1,6.1,6.1,20554,12,3787,11103,3847
Fear Street: Part One - 1994,2021,males,6.1,1133,979,3548,9135,9745,4392,1933,1056,625,949,6.1,6.8,6.1,6.1,6.1,33495,93,7098,18040,4882
Happy Death Day 2U,2019,males,6.2,1552,1173,3834,9913,11194,5421,2243,1048,551,603,6.2,6.1,6.2,6.1,6.3,37532,83,9222,19508,5279
Verónica,2017,males,6.2,749,609,2337,5803,6444,3227,1389,687,319,434,6.2,6.6,6.1,6.2,6.2,21998,25,5227,11791,3054
The Hills Have Eyes,1977,males,6.3,1260,944,2960,6037,5917,2854,1356,661,354,433,6.3,6.2,6.3,6.3,6.3,22776,18,2834,13305,5819
Damien: Omen II,1978,males,6.3,1016,764,2349,5435,6155,2979,1144,466,213,231,6.3,5.5,6.1,6.2,6.4,20752,5,1412,10604,7922
Sleepaway Camp,1983,males,6.2,1702,895,2439,4250,4348,2480,1268,773,522,569,6.2,7.0,6.4,6.2,5.9,19246,18,2784,11651,3982
Predator 2,1990,males,6.3,6766,4626,13895,28246,30532,15707,6564,2812,1468,1198,6.3,5.6,6.1,6.3,6.2,111814,37,12140,71260,22355
Synchronic,2019,males,6.2,414,435,1611,4130,4544,2198,939,459,213,318,6.2,6.6,6.4,6.2,6.0,15261,9,1848,8465,3817
The Uninvited,2009,males,6.3,2727,2145,5918,12275,11986,6010,2677,1244,672,884,6.3,7.2,6.5,6.2,6.1,46538,4,8172,29462,7264
Feast,2005,males,6.3,1820,1380,3434,5619,4826,2697,1343,755,526,735,6.3,7.0,6.1,6.3,6.3,23135,2,1805,15487,5228
Goosebumps,2015,males,6.3,2269,1464,5475,14358,15582,6825,2490,1042,447,629,6.3,6.2,6.4,6.2,6.3,50581,67,11147,27676,7728
#Alive,2020,males,6.2,472,397,1765,5168,5600,2465,888,449,221,275,6.2,6.4,6.3,6.2,6.3,17700,46,4093,9371,2491
Dracula Untold,2014,males,6.2,7191,4837,13915,28993,28545,14644,6541,3169,1766,6861,6.2,5.7,6.2,6.1,6.3,116462,17,26879,64684,15336
Paranormal Activity,2007,males,6.3,10720,10960,24154,36727,28488,15388,8514,5758,4291,8061,6.3,6.5,6.2,6.4,6.2,153061,60,30091,97982,19031
Dead Snow,2009,males,6.3,2676,2479,7200,13073,11490,5912,2928,1551,959,1115,6.3,6.3,6.3,6.3,6.3,49383,9,7461,31751,8508
Dark Skies,2013,males,6.3,2305,1999,5922,12922,12806,6321,2688,1186,623,714,6.3,5.6,6.3,6.3,6.2,47486,7,7268,27939,9411
Scouts Guide to the Zombie Apocalypse,2015,males,6.3,1598,1157,3998,9227,8899,4218,1794,897,417,491,6.3,5.9,6.3,6.3,6.3,32696,18,6483,18283,5617
Underworld: Awakening,2012,males,6.3,8420,4923,12537,26237,26007,13108,5928,2879,1469,1705,6.3,6.6,6.4,6.2,6.3,103213,8,16849,65228,16110
The Visit,2015,males,6.2,2479,2720,9621,19832,17340,8563,4273,2480,1641,2133,6.2,5.3,6.3,6.2,6.1,71082,41,14793,39448,11521
I Spit on Your Grave,2010,males,6.2,3485,2437,6958,13566,12973,6326,3033,1671,1068,1476,6.2,5.0,6.2,6.2,6.2,52993,15,9625,32014,8733
13 Sins,2014,males,6.3,917,779,2699,6548,6856,3246,1198,527,248,296,6.3,7.5,6.5,6.2,6.2,23314,2,4289,13561,4175
Malignant,2021,males,6.3,1807,1742,4992,8362,6919,3935,2254,1400,896,1148,6.3,6.7,6.5,6.2,6.1,33455,57,7775,17440,4880
The Shallows,2016,males,6.3,2424,2206,8329,21506,21065,9523,3921,1933,1002,1072,6.3,6.6,6.3,6.2,6.4,72981,32,14254,40221,12614
The Blob,1958,males,6.3,967,677,2087,4632,4831,2283,919,376,206,191,6.3,8.0,6.4,6.3,6.4,17169,3,1770,7939,6862
Silver Bullet,1985,males,6.3,1195,745,2117,4511,4649,2435,948,371,189,168,6.3,7.0,6.4,6.4,6.3,17328,2,1026,9437,6139
Friday the 13th,1980,males,6.4,6430,4204,11256,22132,20090,9715,4389,2293,1120,1148,6.4,6.2,6.2,6.5,6.5,82777,97,13600,47377,17511
Arachnophobia,1990,males,6.4,1635,1636,6094,13342,12563,5547,2101,903,425,406,6.4,6.9,6.5,6.5,6.4,44652,9,2690,27781,12508
Mary Shelley's Frankenstein,1994,males,6.4,1602,1581,4802,9615,9175,4536,2017,846,514,585,6.4,6.7,6.2,6.4,6.2,35273,3,2639,20934,10519
Cargo,2017,males,6.3,711,822,2947,7034,7191,3324,1372,612,307,409,6.3,5.9,6.3,6.2,6.3,24729,13,4482,13455,4639
The People Under the Stairs,1991,males,6.4,1431,1115,3105,5617,5303,2744,1247,725,363,423,6.4,7.3,6.6,6.4,6.1,22073,5,1681,14028,5578
Gremlins 2: The New Batch,1990,males,6.4,3664,3004,8495,17013,18202,8896,3696,1679,843,695,6.4,6.5,6.5,6.5,6.1,66187,28,5912,43054,13946
Screamers,1995,males,6.3,1264,928,2742,5198,4948,2462,1063,529,264,285,6.3,4.0,6.2,6.4,6.2,19683,1,691,12766,5661
The Craft,1996,males,6.1,2598,1526,4346,9284,11157,6409,2914,1342,617,671,6.1,7.0,6.4,6.1,6.2,40864,11,2964,25728,10442
Session 9,2001,males,6.4,2715,2763,5983,8751,7641,4097,2114,1157,687,914,6.4,6.0,6.3,6.5,6.5,36822,4,3833,24077,7743
The Cell,2000,males,6.3,3122,3451,9391,15852,14324,8014,3885,2019,1236,1522,6.3,7.0,6.3,6.3,6.3,62816,2,3039,41123,16708
Mindhunters,2004,males,6.3,2179,2031,6091,11478,10136,4993,2346,1196,645,710,6.3,6.6,6.6,6.4,6.0,41805,6,3615,29144,7832
The Hills Have Eyes,2006,males,6.4,7202,5910,16088,29578,24907,12159,5596,3146,1813,3030,6.4,6.7,6.4,6.4,6.3,109429,22,17347,72935,14816
Daybreakers,2009,males,6.4,3516,3421,12027,28461,25095,10866,4281,1892,961,1077,6.4,6.5,6.5,6.4,6.4,91597,4,10881,62238,15600
Night Watch,2004,males,6.4,2936,2742,6379,9279,7371,3969,2062,1333,807,1376,6.4,6.3,6.2,6.4,6.5,38254,3,2043,26869,8520
The Mothman Prophecies,2002,males,6.4,2491,2727,7645,14302,12432,5968,2474,1059,599,734,6.4,8.3,6.4,6.4,6.4,50431,4,3332,31868,13709
Them,2006,males,6.4,1132,1136,3111,5868,4795,2180,1014,603,335,513,6.4,5.7,6.3,6.4,6.5,20687,3,2037,13569,4540
Freaky,2020,males,6.3,868,749,3219,7866,7716,3302,1310,645,309,527,6.3,7.1,6.4,6.3,6.3,26511,51,5413,14356,4572
Black Death,2010,males,6.4,1436,1466,4870,10288,9162,4079,1624,750,408,486,6.4,7.0,6.5,6.4,6.3,34569,1,3617,21741,8024
Fright Night,2011,males,6.4,3259,2698,9220,20440,18154,8388,3448,1672,894,1324,6.4,5.5,6.6,6.3,6.2,69497,3,10580,44181,12143
The Collector,2009,males,6.4,2887,2249,6033,10872,9482,4678,2273,1332,865,950,6.4,6.3,6.5,6.4,6.2,41621,21,7781,25659,6208
The Woman in Black,2012,males,6.4,5116,4702,14776,29921,26229,12642,5352,2449,1346,1728,6.4,6.0,6.5,6.3,6.4,104261,20,23787,59168,15804
Under the Skin,2013,males,6.3,6017,8254,15681,18290,14932,10065,6067,4258,3229,4881,6.3,8.3,6.9,6.2,6.1,91674,39,18155,50699,17448
Kill List,2011,males,6.4,1269,2082,5154,7193,5793,3280,1814,1067,728,1079,6.4,4.8,6.8,6.4,6.2,29459,4,3913,17659,6683
The Voices,2014,males,6.4,1359,1492,5175,10023,8686,4280,1855,938,543,793,6.4,7.0,6.6,6.3,6.2,35144,7,6824,20419,5805
The House of the Devil,2009,males,6.4,1786,1974,4942,7560,5895,3325,1796,1011,690,907,6.4,7.2,6.6,6.5,6.2,29886,4,3776,19378,5605
Alien: Covenant,2017,males,6.4,7408,7587,25531,51395,42275,19865,9166,4984,2919,4331,6.4,6.2,6.5,6.4,6.4,175461,65,31987,97450,29908
Creep,2014,males,6.3,863,1151,3982,7983,6759,3224,1491,822,558,712,6.3,7.0,6.5,6.3,6.0,27545,41,6948,14925,3636
The Purge: Anarchy,2014,males,6.4,4045,3638,12326,28337,24417,10501,4311,1958,983,1346,6.4,6.3,6.5,6.4,6.3,91862,60,24207,49236,10674
Tale of Tales,2015,males,6.4,614,818,2581,4175,3407,1884,908,532,340,514,6.4,8.0,6.7,6.3,6.3,15773,1,2097,8871,3888
A Cure for Wellness,2016,males,6.4,1904,2317,7740,15606,13526,6497,2875,1290,693,842,6.4,6.7,6.6,6.4,6.3,53290,13,11764,28520,8647
The Babysitter,2017,males,6.4,2065,1844,6452,13850,11981,5578,2381,1345,727,922,6.4,6.2,6.3,6.4,6.5,47145,100,12081,24559,6142
Ghost Stories,2017,males,6.4,588,746,2899,6251,5503,2596,1083,512,299,305,6.4,6.9,6.6,6.3,6.2,20782,10,3683,11271,4241
Incident in a Ghostland,2018,males,6.4,879,883,2617,4059,3421,1814,905,458,315,450,6.4,6.6,6.6,6.3,6.2,15801,8,2758,8562,3064
Escape Room,2019,males,6.3,2039,1959,7003,17651,17107,7687,2889,1308,656,692,6.3,6.7,6.4,6.3,6.3,58991,108,14128,31071,8041
Twilight Zone: The Movie,1983,males,6.5,1258,935,3319,7513,6748,3060,1060,416,234,272,6.5,5.5,6.5,6.5,6.5,24815,5,1629,12333,10008
Revenge,2017,males,6.3,930,1226,4219,7097,5801,3091,1547,949,646,1036,6.3,5.8,6.7,6.3,6.1,26542,15,4560,14415,5498
Psycho II,1983,males,6.5,1191,914,2704,4933,4249,1969,895,374,223,228,6.5,7.3,6.8,6.6,6.3,17680,14,2012,9417,5606
Silent Hill,2006,males,6.5,14397,10507,23251,36370,26911,13551,6832,3868,2275,3308,6.5,7.0,6.5,6.6,6.3,141270,25,20928,96301,18421
Bad Taste,1987,males,6.6,3443,2621,5922,8355,5921,2972,1568,900,699,877,6.6,7.2,6.5,6.6,6.5,33278,6,2941,21703,7655
Unsane,2018,males,6.4,722,901,3691,8316,7000,3002,1266,624,358,560,6.4,6.8,6.6,6.4,6.4,26440,13,5118,14119,5206
The Skeleton Key,2005,males,6.4,3138,3304,10015,19812,16337,7624,3118,1297,682,819,6.4,6.3,6.5,6.4,6.4,66146,8,7405,44118,12328
Halloween II,1981,males,6.5,4447,3078,7594,14827,13342,5923,2348,1113,515,666,6.5,6.4,6.5,6.5,6.4,53853,63,8207,30890,11876
Day Watch,2006,males,6.4,2368,1871,4054,6045,4670,2556,1334,822,543,979,6.4,7.0,6.3,6.4,6.5,25242,1,1535,17688,5437
Dead End,2003,males,6.5,1465,1182,3141,5101,3576,1747,904,508,350,454,6.5,7.5,6.6,6.6,6.4,18428,2,1815,12125,3900
Slither,2006,males,6.5,3542,3158,9226,16119,11979,5886,2610,1466,894,1191,6.5,7.0,6.5,6.5,6.6,56071,12,6258,36942,11058
The Crazies,2010,males,6.5,3842,3772,12584,26210,20592,8889,3421,1512,722,849,6.5,6.3,6.5,6.5,6.5,82393,10,11970,53392,14016
Tideland,2005,males,6.4,1974,1909,3696,4734,3609,2177,1328,809,590,753,6.4,2.0,6.2,6.5,6.3,21579,2,1325,14550,5145
The Last House on the Left,2009,males,6.5,3425,2918,8816,17415,13499,6033,2486,1275,765,1166,6.5,7.9,6.5,6.5,6.4,57798,12,8539,37611,9474
Severance,2006,males,6.5,1475,1585,4613,8326,6327,3014,1299,693,394,531,6.5,7.0,6.4,6.5,6.4,28257,1,2015,18963,6567
Drag Me to Hell,2009,males,6.6,9930,10562,25098,34761,23715,12484,6587,3981,2568,4163,6.6,6.4,6.5,6.7,6.6,133849,32,20412,88313,20238
[Rec]²,2009,males,6.5,3007,3075,8010,14769,11721,5258,2316,1130,662,844,6.5,6.3,6.6,6.5,6.5,50792,19,9641,32607,6399
Byzantium,2012,males,6.5,1135,1325,4237,8148,6614,2955,1242,589,321,444,6.5,8.0,6.7,6.4,6.5,27010,1,2715,15970,7160
Resident Evil: Degeneration,2008,males,6.5,2308,1326,3434,6482,5166,2493,1130,601,350,473,6.5,7.0,6.6,6.5,6.2,23763,2,3173,16958,2863
Oculus,2013,males,6.5,3450,3857,11938,22046,17162,8004,3480,1652,874,1269,6.5,6.9,6.7,6.5,6.4,73732,24,17214,41127,10201
Stake Land,2010,males,6.5,1577,1649,5244,9565,7151,3301,1515,736,391,563,6.5,7.0,6.6,6.5,6.5,31692,2,3216,19995,7354
Evil Dead,2013,males,6.5,9649,7943,18443,27395,21487,11623,5978,3271,2017,3196,6.5,6.3,6.7,6.5,6.2,111002,44,23246,64864,15014
The Awakening,2011,males,6.4,1315,1394,5052,11960,10759,4465,1609,664,285,391,6.4,7.0,6.5,6.4,6.5,37894,3,4882,23262,8104
Time Lapse,2014,males,6.5,1206,1491,4743,9324,7369,3204,1306,640,305,460,6.5,8.0,6.8,6.5,6.4,30048,4,4761,17502,6104
Host,2020,males,6.5,581,683,2486,4227,3025,1369,624,335,232,375,6.5,5.8,6.6,6.5,6.4,13937,26,2995,7604,2181
Gerald's Game,2017,males,6.5,1667,2560,9279,17793,13072,5743,2393,1286,755,906,6.5,6.6,6.8,6.5,6.4,55454,46,13263,29771,7690
Crimson Peak,2015,males,6.4,2463,2894,10370,22801,20107,8998,3721,1670,810,1018,6.4,6.8,6.6,6.4,6.4,74852,18,15004,42797,12232
It Chapter Two,2019,males,6.4,5950,6239,18518,34238,28401,14018,6392,3258,1824,2437,6.4,6.6,6.5,6.4,6.4,121275,230,32198,60268,15220
Annabelle: Creation,2017,males,6.5,3716,3073,9835,19780,16111,7132,2866,1396,788,1071,6.5,6.7,6.6,6.4,6.3,65768,116,19597,31805,7126
The Endless,2017,males,6.5,801,1334,4305,7401,5564,2752,1235,628,374,487,6.5,6.6,6.7,6.5,6.3,24881,6,3737,14059,5334
His House,2020,males,6.5,570,811,3089,5852,4973,2233,907,474,220,386,6.5,6.7,6.6,6.4,6.3,19515,23,4196,10781,2834
Better Watch Out,2016,males,6.5,886,943,3200,6792,5338,2087,910,496,346,595,6.5,6.3,6.6,6.5,6.4,21593,20,4148,12204,3704
Possessor,2020,males,6.5,662,1188,3410,5101,3993,2058,1002,502,363,510,6.5,7.4,6.9,6.5,6.2,18789,23,3545,10419,3470
The Hunt,2020,males,6.5,2435,2733,8890,16264,12679,5666,2273,1222,678,1244,6.5,6.0,6.4,6.5,6.7,54084,56,9305,28969,10968
The Blob,1988,males,6.6,1646,1304,4051,6847,6037,2848,1122,529,309,332,6.6,6.5,6.8,6.6,6.3,25025,6,2291,14495,7293
The Witches of Eastwick,1987,males,6.5,1539,1592,5089,11312,10047,4368,1587,685,364,408,6.5,7.3,6.5,6.4,6.6,36991,3,2048,18697,14852
Death Becomes Her,1992,males,6.5,4012,2962,8366,16530,15818,7726,3434,1662,822,680,6.5,6.5,6.7,6.5,6.2,62012,7,4770,38163,16457
The Howling,1981,males,6.6,1507,1329,3784,6720,5537,2498,1084,436,223,288,6.6,7.5,6.6,6.5,6.7,23406,2,1720,12262,8603
The Night House,2020,males,6.5,499,607,2329,4824,3952,1732,669,333,168,270,6.5,7.0,6.7,6.4,6.3,15383,16,3067,8405,2630
A Nightmare on Elm Street 3: Dream Warriors,1987,males,6.6,4392,2893,7655,13498,11711,5396,2054,994,438,495,6.6,7.0,6.7,6.6,6.4,49526,53,6844,29667,10524
Pet Sematary,1989,males,6.5,3707,3301,9269,17726,14686,6685,3031,1354,722,723,6.5,6.0,6.4,6.6,6.4,61204,28,6867,36932,14488
Child's Play,1988,males,6.6,4781,3082,9280,17917,14610,6088,2397,1103,614,687,6.6,6.9,6.7,6.6,6.4,60559,77,9984,37581,9999
What Lies Beneath,2000,males,6.5,2980,3551,11142,22504,18105,7862,3142,1387,655,744,6.5,6.9,6.5,6.5,6.6,72072,12,4135,45734,19815
Flatliners,1990,males,6.5,1764,2141,7898,17414,14240,5721,2092,867,462,459,6.5,7.2,6.4,6.6,6.5,53058,7,2694,29171,19199
May,2002,males,6.6,1774,1594,3617,5276,4059,2146,924,556,364,495,6.6,5.7,6.7,6.6,6.6,20805,4,1929,13173,5097
Saw II,2005,males,6.6,13867,10589,25578,47213,35148,15514,6909,3655,2152,3436,6.6,7.0,6.7,6.5,6.3,164061,89,30609,109404,17325
30 Days of Night,2007,males,6.6,7310,7169,19978,35004,25946,11946,5434,2784,1495,1846,6.6,6.7,6.5,6.5,6.7,118912,14,13484,80099,20880
Antichrist,2009,males,6.6,7057,8589,14886,16784,11814,7061,4156,2853,2155,3907,6.6,6.3,6.8,6.6,6.3,79262,21,13516,50765,11744
Hush,2016,males,6.5,2194,2589,9441,20106,15072,6148,2591,1200,645,853,6.5,6.5,6.6,6.5,6.4,60839,80,17756,30847,6645
Happy Death Day,2017,males,6.5,3197,2863,10168,23564,18157,6781,2638,1297,705,831,6.5,6.7,6.6,6.5,6.6,70201,130,18401,35376,9651
The Girl with All the Gifts,2016,males,6.6,1116,1856,6516,12143,8521,3491,1359,596,333,561,6.6,6.3,6.7,6.6,6.7,36492,8,4839,20825,8449
Mother!,2017,males,6.7,10297,12328,22401,22385,14997,9041,5335,4077,3315,8793,6.7,7.2,7.2,6.6,5.9,112969,63,28163,58545,15596
Life,2017,males,6.6,4791,6353,22663,45476,32254,13673,5478,2623,1495,2095,6.6,6.9,6.7,6.6,6.5,136901,43,27078,75381,22110
Return to Oz,1985,males,6.7,1722,1104,2645,3804,2982,1415,762,356,236,339,6.7,7.0,6.5,6.8,6.3,15365,2,1416,10253,3098
Fear Street: Part Three - 1666,2021,males,6.5,884,947,3243,7245,5322,2082,782,408,241,438,6.5,7.2,6.6,6.5,6.5,21592,70,4812,11593,3008
Mandy,2018,males,6.5,3558,4207,9138,10374,7040,4199,2517,1765,1419,2237,6.5,7.7,6.9,6.5,5.9,46454,25,9725,25534,7381
Prince of Darkness,1987,males,6.7,2308,2203,5293,8086,5807,2747,1279,613,342,333,6.7,7.0,6.8,6.7,6.7,29011,5,2574,16280,9017
Christine,1983,males,6.7,3485,2698,8860,16221,11817,4807,1771,722,342,342,6.7,6.8,6.8,6.7,6.7,51065,25,4995,27218,16538
Phantasm,1979,males,6.7,2701,1871,4278,6327,4574,2318,1089,677,362,388,6.7,7.0,6.7,6.7,6.8,24585,7,1917,13562,8148
From Beyond,1986,males,6.7,1232,1177,3292,5361,3799,1701,674,369,188,221,6.7,7.0,6.9,6.7,6.7,18014,3,1681,10515,5108
Candyman,1992,males,6.6,3584,3401,9056,15377,12064,5377,2230,1046,534,648,6.6,6.5,6.8,6.7,6.5,53317,38,6531,32515,11737
Event Horizon,1997,males,6.7,8245,9291,22677,33325,23074,10956,5383,2940,1514,1929,6.7,6.9,6.4,6.8,6.5,119334,24,10785,77459,25886
Cronos,1993,males,6.7,936,1178,3690,6994,4703,1886,740,343,166,182,6.7,6.0,6.9,6.7,6.7,20818,2,2444,12684,4991
Resident Evil,2002,males,6.7,13801,11029,29384,53790,36211,15854,7241,3883,2081,2788,6.7,6.6,6.7,6.6,6.6,176062,34,27450,115576,25285
Ju-on: The Grudge,2002,males,6.7,1766,1877,4896,8300,5681,2511,1099,557,327,415,6.7,6.0,6.6,6.7,6.7,27429,4,4210,17353,4891
Dark Water,2002,males,6.7,1027,1328,3532,6067,4194,1862,752,338,197,259,6.7,8.0,6.7,6.7,6.7,19556,2,1952,12624,4408
Blade II,2002,males,6.7,8853,8131,24140,47467,34260,13499,5018,2276,1210,1503,6.7,6.8,6.7,6.7,6.6,146357,28,20075,96249,23159
The Gift,2000,males,6.6,1511,1705,6165,13231,9866,3600,1257,548,261,339,6.6,6.5,6.5,6.5,6.8,38483,2,1981,22929,12397
The Eye,2002,males,6.7,1065,1240,3274,5587,4000,1605,704,335,192,305,6.7,7.0,6.6,6.6,6.8,18307,2,1443,12070,4376
Final Destination,2000,males,6.7,8742,8228,25829,52075,33414,13537,5530,2731,1439,1767,6.7,6.9,6.6,6.7,6.7,153292,80,27654,97657,21072
The Exorcism of Emily Rose,2005,males,6.7,5366,5337,14473,23609,16138,7055,2849,1359,746,1129,6.7,7.0,6.7,6.7,6.7,78061,16,12099,50619,12287
Inside,2007,males,6.8,2675,2784,5383,6627,4020,2146,1214,856,600,983,6.8,5.2,6.6,6.8,6.8,27288,10,3458,18088,4774
Rare Exports,2010,males,6.6,1107,1310,3731,6251,4353,1934,864,412,234,299,6.6,5.5,6.6,6.6,6.7,20495,2,2049,13393,4444
Suspiria,2018,males,6.7,2729,3905,7879,9365,6424,3455,1881,1187,820,1401,6.7,6.9,7.2,6.6,6.1,39046,38,9526,20173,6165
Zombieland: Double Tap,2019,males,6.6,4060,4255,15696,33553,23925,8892,3106,1455,743,969,6.6,6.9,6.7,6.6,6.7,96654,128,23344,50075,13837
Los ojos de Julia,2010,males,6.7,930,1219,3692,6878,4986,1850,760,360,191,288,6.7,7.0,6.9,6.6,6.5,21154,3,3184,13263,3741
Pandorum,2009,males,6.7,7331,8563,22128,34044,21145,9307,4105,2041,1089,1209,6.7,5.9,6.7,6.8,6.6,110962,5,11644,75032,20221
The Call,2013,males,6.6,3762,3899,11780,23405,16740,6270,2481,1175,567,811,6.6,6.7,6.8,6.6,6.5,70890,14,12832,40910,11931
Hotel Transylvania 2,2015,males,6.6,3321,2693,8329,19144,14664,5881,2134,854,420,585,6.6,6.3,6.7,6.5,6.5,58025,144,15496,30073,7121
Goodnight Mommy,2014,males,6.7,1064,1757,5860,8848,5808,2555,1176,701,436,682,6.7,6.8,6.9,6.6,6.6,28887,21,7212,15770,4034
Spring,2014,males,6.7,999,1293,3518,5700,3670,1661,698,351,189,268,6.7,5.0,7.0,6.7,6.5,18347,2,2546,10983,3850
Summer of 84,2018,males,6.7,1125,1170,4022,7688,5372,2133,768,336,187,278,6.7,7.1,6.8,6.7,6.5,23079,11,3769,13595,3873
Fear Street: Part Two - 1978,2021,males,6.6,1118,1183,4174,9511,6432,2140,783,327,196,352,6.6,7.3,6.7,6.6,6.6,26216,80,5693,14076,3762
Turbo Kid,2015,males,6.7,1518,1536,3802,5540,3731,1768,921,518,326,610,6.7,6.8,6.8,6.7,6.3,20270,4,3012,12823,3315
Marrowbone,2017,males,6.6,754,752,2430,4926,3685,1562,554,269,139,217,6.6,7.0,6.9,6.5,6.4,15288,8,2794,8211,3021
Saint Maud,2019,males,6.7,576,1156,3429,4708,3241,1480,719,380,250,380,6.7,7.2,7.0,6.7,6.5,16319,21,3515,8541,3047
The Brood,1979,males,6.8,1326,1394,3912,6253,4010,1641,680,327,161,242,6.8,6.8,7.0,6.9,6.7,19946,4,2156,11636,5432
Zombie,1979,males,6.8,2265,1658,3791,5065,3332,1613,834,447,294,367,6.8,6.3,7.0,6.9,6.7,19666,3,1806,11992,5200
House on Haunted Hill,1959,males,6.8,1175,978,2827,5385,3552,1396,516,255,110,99,6.8,7.1,6.9,6.8,6.7,16293,5,1893,8460,5336
The Devil's Rejects,2005,males,6.8,8914,6777,12887,15820,9384,4906,2641,1693,1259,2557,6.8,6.4,6.8,6.8,6.7,66838,8,6480,45467,12501
Trick 'r Treat,2007,males,6.8,5746,4975,10893,14843,9868,5036,2475,1447,879,1217,6.8,7.1,6.8,6.8,6.7,57379,33,9522,36832,8755
1408,2007,males,6.8,12061,13024,33757,54244,35159,14748,6142,2869,1488,1815,6.8,7.3,6.9,6.8,6.6,175307,33,28392,116179,24145
Warm Bodies,2013,males,6.8,8578,8333,24174,40560,23606,9427,3964,2016,1180,2024,6.8,6.6,6.9,6.7,6.7,123862,27,28204,71621,15752
Eden Lake,2008,males,6.8,3262,4114,11512,16780,9520,4031,1849,1202,807,1650,6.8,6.9,6.8,6.8,6.7,54727,15,8239,34967,9268
Stonehearst Asylum,2014,males,6.8,1807,2042,6097,11433,7267,2590,900,369,162,251,6.8,7.3,7.1,6.7,6.6,32918,3,5234,19403,6403
Insidious,2010,males,6.8,13587,14096,34530,51958,31495,13848,6054,3081,1801,2448,6.8,7.2,6.9,6.8,6.6,172898,103,45109,96101,19765
Odd Thomas,2013,males,6.8,2667,2578,6514,9938,5998,2588,1175,561,336,375,6.8,8.0,6.9,6.7,6.8,32730,3,3395,18604,8630
Sinister,2012,males,6.8,8506,9652,26540,43401,28017,11654,4616,2212,1182,1586,6.8,7.1,6.9,6.7,6.6,137366,79,35495,74764,16614
The Babadook,2014,males,6.8,6746,10836,25377,33065,22231,11169,5320,2944,1776,2797,6.8,6.9,7.0,6.7,6.7,122261,65,31183,65903,15763
Annihilation,2018,males,6.8,8101,15195,38337,50874,33700,15434,7040,4039,2471,3378,6.8,6.7,7.2,6.8,6.5,178569,86,39669,95798,26379
The Autopsy of Jane Doe,2016,males,6.8,2653,3560,11654,21563,13510,4940,1818,811,369,446,6.8,7.2,6.8,6.8,6.7,61324,37,12873,33331,10052
Housebound,2014,males,6.7,1081,1335,4229,6796,4390,1813,791,387,226,332,6.7,6.3,6.8,6.7,6.8,21380,5,3255,13023,4060
It Follows,2014,males,6.9,7431,12110,30287,38110,22595,10718,5366,3100,2024,3490,6.9,7.1,7.0,6.9,6.7,135231,71,33297,74301,17557
Shin Godzilla,2016,males,6.8,1227,1454,3431,4596,2992,1419,690,393,257,444,6.8,7.7,7.1,6.7,6.4,16903,13,3568,8784,3058
I See You,2019,males,6.8,883,1305,4535,8292,4933,1697,744,327,185,294,6.8,6.8,6.9,6.7,6.7,23195,16,3726,12463,5018
The House That Jack Built,2018,males,6.8,2634,3900,8508,10253,6331,3339,1751,933,700,1274,6.8,7.6,7.2,6.7,6.4,39623,35,9600,20678,6035
Us,2019,males,6.8,6529,10811,29086,37519,24178,11421,5723,3542,2439,4963,6.8,7.1,7.1,6.7,6.4,136211,178,36576,68414,16981
Altered States,1980,males,6.9,1529,1957,5080,7093,4311,1853,807,439,208,296,6.9,8.5,7.1,6.9,6.9,23573,2,2125,12071,8626
The Witches,1990,males,6.8,1839,1463,4453,8536,5584,2035,719,334,176,224,6.8,6.9,6.7,6.8,6.6,25363,11,3031,16361,4641
Night of the Living Dead,1990,males,6.9,2852,2203,5406,8973,5414,2341,908,458,262,412,6.9,6.8,6.8,6.9,6.8,29229,6,2675,18542,6893
Creepshow,1982,males,6.8,2872,2104,5503,8850,6147,2595,1004,500,262,317,6.8,7.3,7.0,6.8,6.8,30154,15,2956,16570,9403
Hocus Pocus,1993,males,6.5,6372,2866,6798,11269,10202,5358,2537,1319,696,863,6.5,6.3,6.6,6.5,6.1,48280,31,7280,30173,7655
Frankenweenie,2012,males,6.9,3303,3554,11898,21103,11795,4335,1600,740,434,701,6.9,7.0,7.0,6.8,6.9,59463,53,11616,35472,9150
Shadow of the Vampire,2000,males,6.9,1498,2055,5956,8874,4951,2128,895,425,269,361,6.9,8.0,6.9,6.9,6.8,27412,1,1782,16497,8456
28 Weeks Later,2007,males,7.0,13484,15374,41287,62898,31308,12224,5187,2621,1535,2259,7.0,6.7,7.0,7.0,6.9,188177,32,27084,124562,28702
Ready or Not,2019,males,6.8,2957,3901,13760,25338,15150,5261,2001,975,537,865,6.8,7.1,6.9,6.7,6.7,70745,85,16072,37333,10689
Under the Shadow,2016,males,6.9,654,1206,3781,5360,3204,1357,564,282,163,294,6.9,6.4,7.0,6.8,6.8,16865,6,3293,9756,2725
The Witch,2015,males,7.0,9400,14479,29488,31802,19335,9893,5126,3200,2119,3815,7.0,7.6,7.3,6.9,6.7,128657,106,32517,67456,17262
Creature from the Black Lagoon,1954,males,7.0,1708,1421,3928,6374,3733,1488,511,215,94,121,7.0,6.7,7.1,6.9,7.0,19593,11,2499,9028,7302
Hellraiser,1987,males,7.0,7464,6669,15973,22338,11944,5280,2399,1246,804,928,7.0,7.1,6.9,7.0,7.1,75045,46,9972,44722,16825
Gremlins,1984,males,7.3,10659,12078,34965,44903,18715,6282,2212,996,495,565,7.3,7.4,7.1,7.3,7.3,131870,80,16120,79654,29121
The Monster Squad,1987,males,7.0,3184,1849,4191,5719,3614,1688,678,298,168,207,7.0,6.9,6.8,7.1,6.7,21596,6,1693,14329,4622
The Lost Boys,1987,males,7.2,8728,8112,18638,23356,11578,4509,1769,827,449,648,7.2,7.9,7.1,7.1,7.2,78614,23,6949,45044,22864
Near Dark,1987,males,6.9,2000,2237,5689,7786,4401,1995,814,416,230,313,6.9,6.4,7.0,6.9,7.1,25881,5,1908,14827,8291
Ravenous,1999,males,7.0,2626,2659,5829,7544,4112,1780,844,435,281,370,7.0,8.0,6.9,7.0,6.8,26480,1,1507,17020,7185
Henry: Portrait of a Serial Killer,1986,males,7.0,1887,2264,5394,6835,4018,1675,736,399,270,332,7.0,8.1,7.1,7.0,7.1,23810,11,2713,13719,6590
Stir of Echoes,1999,males,6.9,2547,3304,10908,19108,9142,3144,1125,490,288,377,6.9,6.4,6.9,6.9,7.0,50433,6,2951,32309,13578
Bubba Ho-Tep,2002,males,7.0,4458,3840,7790,8292,4898,2264,1065,625,342,469,7.0,8.0,6.8,7.0,7.0,34043,3,1818,22147,9186
Ichi the Killer,2001,males,7.0,4256,4304,9034,9832,5333,2612,1279,800,565,931,7.0,7.9,7.1,7.0,6.9,38946,9,4160,27212,6393
Constantine,2005,males,6.9,18075,18481,45311,64385,35248,14981,6192,3095,1629,2032,6.9,6.7,7.1,6.9,6.8,209429,45,31403,136834,30294
Hellboy II: The Golden Army,2008,males,7.0,13083,15313,43310,62642,32723,12191,4761,2316,1311,1957,7.0,7.2,7.0,7.0,7.0,189607,45,32006,120082,28544
Brotherhood of the Wolf,2001,males,7.0,4231,4954,10549,12162,6462,2815,1401,809,479,638,7.0,7.5,6.8,7.0,7.1,44500,4,2179,29107,11786
Trollhunter,2010,males,7.0,3676,4764,12859,16778,8622,3503,1571,882,538,772,7.0,7.2,7.0,7.0,6.9,53965,11,7536,34379,10056
The Cabin in the Woods,2011,males,7.0,21127,27789,57578,64263,34998,17490,9179,5833,4039,7670,7.0,7.2,7.1,7.0,7.0,249966,98,54937,146944,32526
A Girl Walks Home Alone at Night,2014,males,6.9,1181,1973,5143,5972,3348,1588,762,459,275,482,6.9,5.1,7.2,6.9,6.8,21183,8,4150,11958,4058
Green Room,2015,males,7.0,3250,6318,18384,24151,12653,5310,2079,1049,621,1027,7.0,7.3,7.2,7.0,6.8,74842,26,17417,41701,10373
Climax,2018,males,6.9,2732,4395,8077,7893,4505,2429,1357,961,703,1249,6.9,8.0,7.5,6.8,6.1,34301,43,10661,16611,4071
Raw,2016,males,7.0,2018,3851,9966,12048,6443,2882,1416,829,527,892,7.0,7.8,7.3,6.9,6.5,40872,31,11317,21019,5285
Thelma,2017,males,7.0,692,1353,4089,5675,3035,1219,433,245,159,336,7.0,6.0,7.1,6.9,6.8,17236,7,3336,9168,3629
The Killing of a Sacred Deer,2017,males,7.0,3830,8381,19708,21134,10482,5069,2465,1716,1311,2716,7.0,7.5,7.4,6.9,6.6,76812,47,19947,39356,11089
The Mummy,1932,males,7.0,1574,1552,3670,5547,2891,1186,483,189,69,123,7.0,7.5,6.9,6.9,7.2,17284,12,2166,8240,6197
The Platform,2019,males,7.0,4736,8506,24242,34676,17136,6804,2722,1458,819,1563,7.0,7.0,7.1,6.9,6.7,102662,194,28557,52740,10253
Day of the Dead,1985,males,7.1,5789,4894,10600,13662,7084,3010,1228,671,362,534,7.1,7.2,7.3,7.2,7.0,47834,11,4803,30421,10895
The Thing from Another World,1951,males,7.1,2141,1999,4569,5788,3161,1499,469,211,130,156,7.1,7.3,6.9,6.9,7.4,20123,5,1610,8781,9091
Tremors,1990,males,7.1,8212,7884,21656,28934,13484,4724,1810,907,465,517,7.1,7.2,7.1,7.2,7.1,88593,29,9645,55150,19735
Little Shop of Horrors,1986,males,7.0,4024,3792,8653,11910,7354,3243,1320,676,353,494,7.0,7.8,7.3,7.0,6.8,41819,20,4080,22956,12911
Blade,1998,males,7.1,13375,14569,42702,61730,27262,9807,3731,1887,1033,1450,7.1,7.2,7.0,7.1,7.1,177546,44,24997,114919,29066
Fright Night,1985,males,7.1,4186,3469,9608,14143,7160,2638,1022,488,243,373,7.1,7.5,7.1,7.0,7.2,43330,15,4369,23688,13326
The Frighteners,1996,males,7.1,4534,5283,14500,19268,9094,3220,1267,625,340,447,7.1,7.3,7.0,7.1,7.1,58578,7,4006,37817,14754
Pitch Black,2000,males,7.1,12703,15270,40545,54424,25656,9695,3781,1904,993,1275,7.1,6.7,7.0,7.1,7.1,166246,13,18133,108488,32457
The Ring,2002,males,7.1,15028,18923,48124,63810,31309,12194,4855,2466,1479,2074,7.1,7.0,7.0,7.1,7.1,200262,79,34493,126483,30001
Shutter,2004,males,7.0,2729,2800,6431,8056,4373,1823,729,348,230,285,7.0,6.3,7.1,7.1,6.8,27804,8,4727,18431,3707
Hotel Transylvania,2012,males,7.0,10571,10074,27479,42157,21723,8043,2899,1301,670,966,7.0,7.0,7.1,6.9,6.8,125883,180,32720,68276,14960
The Host,2006,males,7.0,5361,7654,19413,23681,11987,5043,2361,1346,812,1250,7.0,7.1,7.3,7.0,6.9,78908,31,13065,48497,13753
The Mist,2007,males,7.2,19373,24158,51854,51888,25992,11628,5765,3521,2489,4264,7.2,7.4,7.2,7.2,7.1,200932,54,32742,129758,29899
Thirst,2009,males,7.1,1952,3546,8394,9199,4468,1893,837,405,256,445,7.1,8.5,7.4,7.2,6.9,31395,11,4297,20871,5033
Bhoot Police,2021,males,5.7,263,114,268,533,553,347,176,126,97,360,5.7,8.1,5.9,5.7,4.8,2837,17,960,1284,101
Martyrs,2008,males,7.0,6576,7544,13141,13473,7025,3748,2094,1334,1040,2061,7.0,7.2,7.1,7.0,7.0,58036,20,9954,36696,8729
The Call,2020,males,7.0,661,1030,3050,4339,2072,698,268,151,56,160,7.0,6.6,7.2,7.0,6.8,12485,35,3397,6367,1430
The Invisible Man,2020,males,7.0,4586,8348,26924,36534,17219,6577,2599,1495,874,1515,7.0,7.3,7.2,7.0,6.9,106671,122,24000,54738,17387
Let Me In,2010,males,7.2,7077,8390,20288,23391,10637,4268,1695,946,608,1430,7.2,7.3,7.2,7.1,7.2,78730,14,12730,48234,14516
Bone Tomahawk,2015,males,7.1,3295,5701,17439,22517,9932,3601,1449,741,472,685,7.1,7.5,7.3,7.1,7.0,65832,23,10707,37065,13642
Midsommar,2019,males,7.1,8341,15054,32642,33426,17038,8536,4438,2856,2193,4653,7.1,7.5,7.3,7.0,6.7,129177,169,35069,64005,17050
Don't Breathe,2016,males,7.1,7736,11995,37474,49812,22870,7585,2592,1249,731,1157,7.1,7.1,7.2,7.1,7.0,143201,139,39882,72879,16618
Black Christmas,1974,males,7.2,3212,2506,5410,6607,3497,1604,677,377,220,322,7.2,7.3,7.3,7.2,7.0,24432,19,3490,14080,5897
Don't Look Now,1973,males,7.2,3887,4768,8548,8694,4736,2235,1159,679,388,510,7.2,7.5,7.4,7.2,7.3,35604,16,4669,19359,10288
The Changeling,1980,males,7.2,2072,2245,5480,6550,3119,1190,482,204,124,189,7.2,7.5,7.1,7.2,7.3,21655,2,1888,12261,6780
The Dead Zone,1983,males,7.2,2936,3935,12062,15650,7057,2284,732,320,136,224,7.2,7.2,7.1,7.1,7.3,45336,14,4239,24611,14737
The Fearless Vampire Killers,1967,males,7.1,2632,2377,4801,5349,2777,1353,701,365,220,296,7.1,8.5,6.9,7.1,7.3,20871,2,1416,11092,7696
Videodrome,1983,males,7.2,6333,7329,15529,16565,8697,3620,1716,860,492,637,7.2,8.4,7.4,7.3,7.1,61778,20,8969,37017,13454
Re-Animator,1985,males,7.2,4346,4424,10679,12244,6119,2334,1009,522,269,441,7.2,7.3,7.3,7.2,7.2,42387,14,5167,25065,10394
Cube,1997,males,7.2,10620,15740,41754,43337,20755,7977,3429,1808,1064,1533,7.2,7.4,7.0,7.3,7.2,148017,47,22736,96627,22423
From Dusk Till Dawn,1996,males,7.2,16620,21385,53185,59482,27196,10682,4529,2320,1436,2042,7.2,7.2,7.1,7.3,7.2,198877,39,26238,124914,37786
Ringu,1998,males,7.2,3598,4952,11750,13200,5909,2238,923,431,318,415,7.2,7.6,7.1,7.3,7.3,43734,12,5654,27688,8924
Audition,1999,males,7.2,4352,6313,13666,13819,6970,3038,1415,800,507,762,7.2,7.4,7.3,7.2,7.2,51642,14,7237,32912,9687
A Tale of Two Sisters,2003,males,7.1,3613,4329,9183,9802,5078,2235,1066,566,317,563,7.1,6.3,7.2,7.1,7.0,36752,7,5443,24276,5701
In the Mouth of Madness,1994,males,7.2,4663,5054,10927,13084,6714,2885,1223,569,356,452,7.2,7.1,7.3,7.2,6.9,45927,8,4955,28979,10188
The Conjuring 2,2016,males,7.3,13369,15366,37302,39632,17958,6386,2370,1139,651,1077,7.3,7.5,7.4,7.2,7.1,135250,178,40465,66539,13487
The Descent,2005,males,7.2,12662,16450,36007,37666,18966,8306,3803,2137,1242,2158,7.2,7.3,7.1,7.2,7.2,139397,50,20858,89571,23105
It,2017,males,7.3,23366,33141,70986,68728,32515,13548,5939,3512,2217,4145,7.3,7.3,7.4,7.3,7.1,258097,396,72840,125342,29441
Doctor Sleep,2019,males,7.3,7017,11240,29034,26835,11669,4356,1958,1095,641,970,7.3,7.5,7.4,7.3,7.2,94815,101,19803,49344,16103
Split,2016,males,7.3,15053,26531,73154,77576,31232,10205,3754,1876,1102,1887,7.3,7.6,7.4,7.3,7.1,242370,181,64952,123643,27767
The Rocky Horror Picture Show,1975,males,7.2,12245,8739,15133,15638,8432,4341,2445,1611,1188,2040,7.2,7.6,7.4,7.1,7.2,71812,27,10547,37929,20152
A Quiet Place Part II,2020,males,7.2,5407,8539,25412,29268,12826,4363,1634,787,451,757,7.2,7.8,7.4,7.1,7.1,89444,196,22265,45020,12452
Carrie,1976,males,7.4,9453,11589,29173,32164,13587,4614,1809,868,486,713,7.4,7.6,7.5,7.3,7.4,104456,70,15417,58379,25727
Eraserhead,1977,males,7.4,12344,10334,16288,14026,6895,3714,2041,1488,1231,2255,7.4,8.2,7.7,7.3,7.0,70616,56,14305,40054,13028
Hereditary,2018,males,7.3,13709,21998,37047,32608,16755,8327,4354,2764,1979,3901,7.3,7.6,7.7,7.3,6.8,143442,155,38846,71651,18535
House,1977,males,7.3,1947,2146,4072,3791,1960,1012,476,332,229,264,7.3,7.9,7.6,7.3,6.8,16229,17,4028,8884,2539
Suspiria,1977,males,7.4,7633,7423,13945,12731,6575,3151,1433,934,625,799,7.4,7.9,7.6,7.4,7.1,55249,41,10087,31046,11494
Possession,1981,males,7.4,2909,2942,4437,3748,2029,1129,648,457,329,432,7.4,8.6,7.9,7.4,6.8,19060,8,3716,10611,3873
Invasion of the Body Snatchers,1978,males,7.4,3211,4644,11818,12147,4675,1679,570,294,149,248,7.4,7.7,7.5,7.4,7.4,39435,9,3802,20130,14036
Pi,1998,males,7.4,13028,18833,35001,29151,12792,5675,2732,1641,1215,1894,7.4,7.5,7.4,7.4,7.1,121962,25,16463,81848,19643
Thesis,1996,males,7.4,2100,3156,7646,7016,2747,988,438,181,158,265,7.4,7.4,7.5,7.4,7.3,24695,5,2503,15786,5523
REC,2007,males,7.4,12321,17139,36655,29673,12167,4992,2203,1412,864,1378,7.4,7.5,7.4,7.5,7.3,118804,45,21959,77171,14736
The Orphanage,2007,males,7.4,7862,12881,29686,26386,10822,3909,1554,714,448,772,7.4,7.2,7.4,7.4,7.4,95034,23,13680,63788,14342
Dracula,1992,males,7.4,13547,16530,34972,31773,14992,6135,2822,1448,888,1146,7.4,7.5,7.1,7.4,7.4,124253,30,13289,75340,29752
Dracula,1931,males,7.4,4608,3882,8808,8619,3896,1584,622,294,121,214,7.4,7.4,7.4,7.4,7.6,32648,33,4912,16812,9622
The Wicker Man,1973,males,7.6,6693,7455,14725,11695,5245,2263,958,574,399,580,7.6,7.6,7.6,7.5,7.6,50587,17,7347,27803,13507
The Haunting,1963,males,7.4,3446,3311,6411,5633,3016,1380,588,313,190,278,7.4,7.5,7.4,7.4,7.6,24566,7,2393,12405,9034
The Texas Chain Saw Massacre,1974,males,7.5,15200,12620,24094,22127,10484,4803,2316,1445,974,1417,7.5,7.8,7.5,7.5,7.3,95480,93,17270,55425,18033
An American Werewolf in London,1981,males,7.5,7782,9223,20318,17414,7315,2476,995,482,226,336,7.5,7.6,7.5,7.5,7.7,66567,30,8315,34109,21078
The Devil's Backbone,2001,males,7.4,3224,5330,13742,12486,4955,1828,693,320,213,363,7.4,7.5,7.5,7.4,7.4,43154,9,5084,27452,9292
Nosferatu the Vampyre,1979,males,7.5,2812,3343,6827,5751,2574,1156,493,296,189,254,7.5,8.3,7.6,7.5,7.4,23695,10,3120,13142,6626
The Omen,1976,males,7.5,7237,9517,23979,20374,7662,2664,966,455,248,422,7.5,8.1,7.4,7.5,7.6,73524,36,9196,41323,20005
The Evil Dead,1981,males,7.5,20133,17030,36688,31860,14070,5867,2802,1565,1066,1478,7.5,7.8,7.4,7.5,7.5,132559,82,21778,80208,23925
A Nightmare on Elm Street,1984,males,7.5,17163,16041,39463,38076,15450,5582,2184,1088,616,880,7.5,7.9,7.5,7.5,7.4,136543,114,23688,79713,25770
American Psycho,2000,males,7.6,37091,51498,103074,79869,31007,11350,4821,2476,1605,2300,7.6,8.1,7.7,7.6,7.1,325091,225,76272,193640,36425
Jacob's Ladder,1990,males,7.5,7800,10500,21313,18177,7687,2803,1197,574,354,566,7.5,7.6,7.5,7.5,7.4,70971,16,9409,42094,16940
Army of Darkness,1992,males,7.5,19659,16405,32038,26517,12297,5115,2374,1380,842,1152,7.5,7.6,7.4,7.5,7.4,117779,41,14008,74692,23979
Grindhouse,2007,males,7.5,25456,19279,34950,27755,11856,5357,2534,1700,1332,4482,7.5,7.6,7.5,7.6,7.2,134701,17,11757,98278,20733
The Conjuring,2013,males,7.5,30640,39530,84207,70223,27945,9921,3959,2004,1181,1941,7.5,7.8,7.6,7.5,7.3,271551,248,75693,141753,28650
Dead Alive,1992,males,7.5,11470,10000,18105,14030,6408,3037,1581,983,728,1349,7.5,7.4,7.5,7.5,7.4,67691,9,7632,45691,12275
Interview with the Vampire: The Vampire Chronicles,1994,males,7.5,16741,23843,55418,46310,18863,6904,2889,1434,822,1333,7.5,7.8,7.4,7.6,7.2,174557,28,18759,114759,33289
Deep Red,1975,males,7.6,3557,3616,6716,5285,2623,1241,538,280,203,298,7.6,7.5,7.7,7.6,7.4,24357,13,3298,14007,6123
Peeping Tom,1960,males,7.7,2994,3702,6846,5375,2283,972,397,193,136,206,7.7,7.8,7.9,7.7,7.5,23104,13,3268,12701,6405
The Birds,1963,males,7.7,12312,16799,35535,26564,10779,3810,1605,801,446,684,7.7,7.9,7.5,7.6,7.9,109335,70,16600,60156,28036
Eyes Without a Face,1960,males,7.7,2042,2889,6650,4961,1945,650,238,130,71,149,7.7,8.4,7.8,7.6,7.6,19725,18,3625,10763,4536
Repulsion,1965,males,7.7,4453,5917,9860,7084,3233,1386,678,380,250,438,7.7,7.3,7.8,7.7,7.6,33679,12,5007,19156,8374
Halloween,1978,males,7.8,32949,23983,42563,32055,14104,5747,2492,1321,822,1286,7.8,7.9,7.7,7.7,7.8,157322,161,28827,88382,31366
Evil Dead II,1987,males,7.7,20814,17358,30515,20838,8888,3898,1815,1053,728,1187,7.7,8.4,7.8,7.8,7.7,107094,58,15842,66006,20331
What We Do in the Shadows,2014,males,7.6,9541,15408,33643,24798,8929,3140,1358,717,474,789,7.6,8.4,7.8,7.6,7.4,98797,51,23670,54987,13170
Get Out,2017,males,7.7,27113,49549,98590,67178,22950,8041,3363,2022,1341,3804,7.7,8.1,7.9,7.6,7.4,283951,262,78496,141386,34067
Vampire Hunter D: Bloodlust,2000,males,7.7,3372,3479,6537,4605,1883,713,278,167,113,242,7.7,5.5,7.7,7.7,7.3,21389,2,2099,15803,2731
The Bride of Frankenstein,1935,males,7.8,6170,4880,8427,5871,2828,1180,537,313,179,638,7.8,8.0,7.8,7.7,8.0,31023,25,3832,15416,10757
Frankenstein,1931,males,7.8,7878,7294,14487,9447,3726,1488,590,330,224,772,7.8,7.5,7.7,7.7,8.0,46236,43,6734,23655,14203
The Innocents,1961,males,7.8,2821,3349,5790,3870,1684,666,285,125,102,218,7.8,6.8,8.0,7.8,7.7,18910,4,2280,9971,6115
Predator,1987,males,7.9,45753,47379,93183,58844,21020,7160,2586,1157,601,820,7.9,7.7,7.6,7.9,7.8,278503,104,36283,175773,51313
I Saw the Devil,2010,males,7.8,10779,16726,28121,16563,5940,2286,1058,594,343,835,7.8,7.9,8.0,7.8,7.6,83245,43,16904,51711,9892
Nosferatu,1922,males,7.9,11963,10657,17202,10384,4517,1965,929,584,416,1309,7.9,8.1,7.8,7.9,8.1,59926,35,9655,34248,13963
King Kong,1933,males,7.9,11217,9184,16600,10552,4534,1877,834,473,331,1053,7.9,7.8,7.8,7.8,8.1,56655,28,6425,30037,18578
Freaks,1932,males,7.9,4669,4877,9044,5775,2312,961,383,221,141,284,7.9,7.6,7.8,7.9,7.9,28667,11,3686,15760,8272
Night of the Living Dead,1968,males,7.9,15735,13990,25111,15838,6459,2535,1067,574,349,726,7.9,7.9,7.8,7.9,7.9,82384,53,11150,48710,19232
Dawn of the Dead,1978,males,7.9,18703,14321,23178,14124,5858,2572,1154,705,494,1081,7.9,8.8,7.8,7.9,7.9,82190,21,9643,51376,18326
Let the Right One In,2008,males,7.9,23656,32057,43824,24574,9875,4171,2105,1189,882,2079,7.9,7.7,7.8,7.9,7.9,144412,23,18662,96070,25466
Rosemary's Baby,1968,males,8.0,19914,25776,39369,22459,8444,3330,1599,912,633,1549,8.0,8.4,8.2,8.0,7.9,123985,79,19995,70807,27946
Shaun of the Dead,2004,males,7.9,60260,67177,110784,64582,24810,9001,4085,2258,1586,4174,7.9,8.1,7.9,7.9,7.8,348717,164,72699,212073,45625
The Cabinet of Dr. Caligari,1920,males,8.0,7643,7609,11114,6352,2618,1129,523,343,250,926,8.0,8.3,8.1,8.0,8.0,38507,30,7493,21355,8054
The Blue Elephant,2014,males,8.1,9672,2940,2334,1329,626,308,147,103,80,1147,8.1,9.0,8.4,7.7,6.1,18686,34,9487,7168,434
Diabolique,1955,males,8.1,6499,9673,13255,6690,2407,1102,462,306,258,1116,8.1,7.6,8.1,8.1,8.1,41768,19,5742,23354,11263
The Exorcist,1973,males,8.1,45933,49001,72959,41830,16331,6413,2878,1650,1172,2502,8.1,7.9,8.0,8.0,8.2,240669,137,38391,141724,49357
What Ever Happened to Baby Jane?,1962,males,8.0,5129,6231,10011,5356,1969,772,337,202,163,357,8.0,8.3,8.0,7.9,8.0,30527,17,3908,14962,10530
The Thing,1982,males,8.2,55554,58811,79176,43707,15366,5654,2333,1282,794,1839,8.2,8.7,8.2,8.1,8.2,264516,144,43599,150274,56282
Demon Slayer: Mugen Train,2020,males,8.1,3792,3451,3880,2105,803,339,142,93,84,327,8.1,8.3,8.3,7.9,6.6,15016,143,6327,5536,872
Tumbbad,2018,males,8.2,6287,5134,3953,2007,792,350,182,101,95,368,8.2,9.0,8.5,8.0,6.7,19269,42,6903,8130,855
Alien,1979,males,8.5,121011,152833,147470,67403,20061,7257,2893,1628,1078,2655,8.5,8.6,8.3,8.5,8.7,524289,266,87151,293171,109793
The Shining,1980,males,8.4,124435,156546,148736,71178,24882,9772,4522,2632,1761,3847,8.4,8.8,8.4,8.4,8.4,548311,398,118020,303710,89095
